event_id,date,bassin,run_id,categorie,athlete,time_raw,penalties,status,time_final,rank
E01,2025-04-01,Bourg-Saint-Maurice,Q1,K1H,K1H_Athlete_01,107.13,0,OK,107.13,3.0
E01,2025-04-01,Bourg-Saint-Maurice,Q1,K1H,K1H_Athlete_02,106.3,0,OK,106.3,1.0
E01,2025-04-01,Bourg-Saint-Maurice,Q1,K1H,K1H_Athlete_03,106.98,0,OK,106.98,2.0
E01,2025-04-01,Bourg-Saint-Maurice,Q1,K1H,K1H_Athlete_04,110.32,6,OK,116.32,20.0
E01,2025-04-01,Bourg-Saint-Maurice,Q1,K1H,K1H_Athlete_05,106.98,4,OK,110.98,16.0
E01,2025-04-01,Bourg-Saint-Maurice,Q1,K1H,K1H_Athlete_06,106.99,2,OK,108.99,6.0
E01,2025-04-01,Bourg-Saint-Maurice,Q1,K1H,K1H_Athlete_07,109.53,0,OK,109.53,9.0
E01,2025-04-01,Bourg-Saint-Maurice,Q1,K1H,K1H_Athlete_08,107.95,6,OK,113.95,18.0
E01,2025-04-01,Bourg-Saint-Maurice,Q1,K1H,K1H_Athlete_09,108.61,2,OK,110.61,15.0
E01,2025-04-01,Bourg-Saint-Maurice,Q1,K1H,K1H_Athlete_10,107.5,2,OK,109.5,8.0
E01,2025-04-01,Bourg-Saint-Maurice,Q1,K1H,K1H_Athlete_11,109.02,0,OK,109.02,7.0
E01,2025-04-01,Bourg-Saint-Maurice,Q1,K1H,K1H_Athlete_12,110.41,0,OK,110.41,14.0
E01,2025-04-01,Bourg-Saint-Maurice,Q1,K1H,K1H_Athlete_13,108.62,0,OK,108.62,5.0
E01,2025-04-01,Bourg-Saint-Maurice,Q1,K1H,K1H_Athlete_14,110.43,4,OK,114.43,19.0
E01,2025-04-01,Bourg-Saint-Maurice,Q1,K1H,K1H_Athlete_15,110.0,0,OK,110.0,12.0
E01,2025-04-01,Bourg-Saint-Maurice,Q1,K1H,K1H_Athlete_16,108.24,0,OK,108.24,4.0
E01,2025-04-01,Bourg-Saint-Maurice,Q1,K1H,K1H_Athlete_17,110.03,0,OK,110.03,13.0
E01,2025-04-01,Bourg-Saint-Maurice,Q1,K1H,K1H_Athlete_18,107.62,2,OK,109.62,10.0
E01,2025-04-01,Bourg-Saint-Maurice,Q1,K1H,K1H_Athlete_19,109.72,0,OK,109.72,11.0
E01,2025-04-01,Bourg-Saint-Maurice,Q1,K1H,K1H_Athlete_20,108.82,4,OK,112.82,17.0
E01,2025-04-01,Bourg-Saint-Maurice,Q1,C1H,C1H_Athlete_01,99.99,0,OK,99.99,1.0
E01,2025-04-01,Bourg-Saint-Maurice,Q1,C1H,C1H_Athlete_02,100.28,2,OK,102.28,5.0
E01,2025-04-01,Bourg-Saint-Maurice,Q1,C1H,C1H_Athlete_03,101.17,0,OK,101.17,2.0
E01,2025-04-01,Bourg-Saint-Maurice,Q1,C1H,C1H_Athlete_04,105.21,2,OK,107.21,13.0
E01,2025-04-01,Bourg-Saint-Maurice,Q1,C1H,C1H_Athlete_05,106.04,0,OK,106.04,10.0
E01,2025-04-01,Bourg-Saint-Maurice,Q1,C1H,C1H_Athlete_06,106.93,2,OK,108.93,15.0
E01,2025-04-01,Bourg-Saint-Maurice,Q1,C1H,C1H_Athlete_07,104.7,2,OK,106.7,12.0
E01,2025-04-01,Bourg-Saint-Maurice,Q1,C1H,C1H_Athlete_08,105.66,2,OK,107.66,14.0
E01,2025-04-01,Bourg-Saint-Maurice,Q1,C1H,C1H_Athlete_09,101.32,0,OK,101.32,3.0
E01,2025-04-01,Bourg-Saint-Maurice,Q1,C1H,C1H_Athlete_10,103.34,4,DSQ,,
E01,2025-04-01,Bourg-Saint-Maurice,Q1,C1H,C1H_Athlete_11,101.98,0,OK,101.98,4.0
E01,2025-04-01,Bourg-Saint-Maurice,Q1,C1H,C1H_Athlete_12,104.2,0,OK,104.2,7.0
E01,2025-04-01,Bourg-Saint-Maurice,Q1,C1H,C1H_Athlete_13,104.68,2,OK,106.68,11.0
E01,2025-04-01,Bourg-Saint-Maurice,Q1,C1H,C1H_Athlete_14,103.49,0,OK,103.49,6.0
E01,2025-04-01,Bourg-Saint-Maurice,Q1,C1H,C1H_Athlete_15,103.64,2,OK,105.64,9.0
E01,2025-04-01,Bourg-Saint-Maurice,Q1,C1H,C1H_Athlete_16,102.84,2,OK,104.84,8.0
E01,2025-04-01,Bourg-Saint-Maurice,Q1,K1F,K1F_Athlete_01,112.86,0,OK,112.86,1.0
E01,2025-04-01,Bourg-Saint-Maurice,Q1,K1F,K1F_Athlete_02,114.41,2,OK,116.41,5.0
E01,2025-04-01,Bourg-Saint-Maurice,Q1,K1F,K1F_Athlete_03,114.65,8,OK,122.65,14.0
E01,2025-04-01,Bourg-Saint-Maurice,Q1,K1F,K1F_Athlete_04,116.91,0,OK,116.91,8.0
E01,2025-04-01,Bourg-Saint-Maurice,Q1,K1F,K1F_Athlete_05,117.75,0,OK,117.75,10.0
E01,2025-04-01,Bourg-Saint-Maurice,Q1,K1F,K1F_Athlete_06,116.67,0,OK,116.67,7.0
E01,2025-04-01,Bourg-Saint-Maurice,Q1,K1F,K1F_Athlete_07,116.25,0,OK,116.25,4.0
E01,2025-04-01,Bourg-Saint-Maurice,Q1,K1F,K1F_Athlete_08,115.28,0,OK,115.28,3.0
E01,2025-04-01,Bourg-Saint-Maurice,Q1,K1F,K1F_Athlete_09,118.59,2,OK,120.59,13.0
E01,2025-04-01,Bourg-Saint-Maurice,Q1,K1F,K1F_Athlete_10,117.86,0,OK,117.86,11.0
E01,2025-04-01,Bourg-Saint-Maurice,Q1,K1F,K1F_Athlete_11,116.43,0,OK,116.43,6.0
E01,2025-04-01,Bourg-Saint-Maurice,Q1,K1F,K1F_Athlete_12,116.7,2,OK,118.7,12.0
E01,2025-04-01,Bourg-Saint-Maurice,Q1,K1F,K1F_Athlete_13,115.64,2,OK,117.64,9.0
E01,2025-04-01,Bourg-Saint-Maurice,Q1,K1F,K1F_Athlete_14,114.81,0,OK,114.81,2.0
E01,2025-04-01,Bourg-Saint-Maurice,Q1,C1F,C1F_Athlete_01,112.25,0,OK,112.25,6.0
E01,2025-04-01,Bourg-Saint-Maurice,Q1,C1F,C1F_Athlete_02,108.66,2,OK,110.66,3.0
E01,2025-04-01,Bourg-Saint-Maurice,Q1,C1F,C1F_Athlete_03,110.55,2,OK,112.55,7.0
E01,2025-04-01,Bourg-Saint-Maurice,Q1,C1F,C1F_Athlete_04,109.96,0,OK,109.96,1.0
E01,2025-04-01,Bourg-Saint-Maurice,Q1,C1F,C1F_Athlete_05,111.84,0,OK,111.84,5.0
E01,2025-04-01,Bourg-Saint-Maurice,Q1,C1F,C1F_Athlete_06,114.55,2,OK,116.55,11.0
E01,2025-04-01,Bourg-Saint-Maurice,Q1,C1F,C1F_Athlete_07,114.52,4,OK,118.52,12.0
E01,2025-04-01,Bourg-Saint-Maurice,Q1,C1F,C1F_Athlete_08,112.23,2,OK,114.23,9.0
E01,2025-04-01,Bourg-Saint-Maurice,Q1,C1F,C1F_Athlete_09,112.84,0,OK,112.84,8.0
E01,2025-04-01,Bourg-Saint-Maurice,Q1,C1F,C1F_Athlete_10,110.3,0,OK,110.3,2.0
E01,2025-04-01,Bourg-Saint-Maurice,Q1,C1F,C1F_Athlete_11,110.94,0,OK,110.94,4.0
E01,2025-04-01,Bourg-Saint-Maurice,Q1,C1F,C1F_Athlete_12,113.47,2,OK,115.47,10.0
E01,2025-04-01,Bourg-Saint-Maurice,Q2,K1H,K1H_Athlete_01,106.78,2,OK,108.78,8.0
E01,2025-04-01,Bourg-Saint-Maurice,Q2,K1H,K1H_Athlete_02,106.38,0,OK,106.38,3.0
E01,2025-04-01,Bourg-Saint-Maurice,Q2,K1H,K1H_Athlete_03,107.75,0,OK,107.75,5.0
E01,2025-04-01,Bourg-Saint-Maurice,Q2,K1H,K1H_Athlete_04,109.84,0,OK,109.84,9.0
E01,2025-04-01,Bourg-Saint-Maurice,Q2,K1H,K1H_Athlete_05,106.3,0,OK,106.3,2.0
E01,2025-04-01,Bourg-Saint-Maurice,Q2,K1H,K1H_Athlete_06,106.03,0,OK,106.03,1.0
E01,2025-04-01,Bourg-Saint-Maurice,Q2,K1H,K1H_Athlete_07,108.91,4,OK,112.91,16.0
E01,2025-04-01,Bourg-Saint-Maurice,Q2,K1H,K1H_Athlete_08,108.31,0,OK,108.31,7.0
E01,2025-04-01,Bourg-Saint-Maurice,Q2,K1H,K1H_Athlete_09,109.14,4,OK,113.14,17.0
E01,2025-04-01,Bourg-Saint-Maurice,Q2,K1H,K1H_Athlete_10,107.35,0,OK,107.35,4.0
E01,2025-04-01,Bourg-Saint-Maurice,Q2,K1H,K1H_Athlete_11,110.52,4,OK,114.52,18.0
E01,2025-04-01,Bourg-Saint-Maurice,Q2,K1H,K1H_Athlete_12,110.88,4,OK,114.88,19.0
E01,2025-04-01,Bourg-Saint-Maurice,Q2,K1H,K1H_Athlete_13,109.18,8,OK,117.18,20.0
E01,2025-04-01,Bourg-Saint-Maurice,Q2,K1H,K1H_Athlete_14,110.74,2,OK,112.74,15.0
E01,2025-04-01,Bourg-Saint-Maurice,Q2,K1H,K1H_Athlete_15,109.61,2,OK,111.61,14.0
E01,2025-04-01,Bourg-Saint-Maurice,Q2,K1H,K1H_Athlete_16,107.84,2,OK,109.84,9.0
E01,2025-04-01,Bourg-Saint-Maurice,Q2,K1H,K1H_Athlete_17,108.79,2,OK,110.79,13.0
E01,2025-04-01,Bourg-Saint-Maurice,Q2,K1H,K1H_Athlete_18,107.99,0,OK,107.99,6.0
E01,2025-04-01,Bourg-Saint-Maurice,Q2,K1H,K1H_Athlete_19,110.01,0,OK,110.01,11.0
E01,2025-04-01,Bourg-Saint-Maurice,Q2,K1H,K1H_Athlete_20,110.78,0,OK,110.78,12.0
E01,2025-04-01,Bourg-Saint-Maurice,Q2,C1H,C1H_Athlete_01,102.88,6,OK,108.88,15.0
E01,2025-04-01,Bourg-Saint-Maurice,Q2,C1H,C1H_Athlete_02,101.59,2,OK,103.59,2.0
E01,2025-04-01,Bourg-Saint-Maurice,Q2,C1H,C1H_Athlete_03,101.63,2,OK,103.63,3.0
E01,2025-04-01,Bourg-Saint-Maurice,Q2,C1H,C1H_Athlete_04,104.19,2,OK,106.19,10.0
E01,2025-04-01,Bourg-Saint-Maurice,Q2,C1H,C1H_Athlete_05,104.3,2,OK,106.3,11.0
E01,2025-04-01,Bourg-Saint-Maurice,Q2,C1H,C1H_Athlete_06,103.68,6,OK,109.68,16.0
E01,2025-04-01,Bourg-Saint-Maurice,Q2,C1H,C1H_Athlete_07,105.22,0,OK,105.22,9.0
E01,2025-04-01,Bourg-Saint-Maurice,Q2,C1H,C1H_Athlete_08,105.49,2,OK,107.49,13.0
E01,2025-04-01,Bourg-Saint-Maurice,Q2,C1H,C1H_Athlete_09,103.94,0,OK,103.94,5.0
E01,2025-04-01,Bourg-Saint-Maurice,Q2,C1H,C1H_Athlete_10,102.93,2,OK,104.93,8.0
E01,2025-04-01,Bourg-Saint-Maurice,Q2,C1H,C1H_Athlete_11,103.76,0,OK,103.76,4.0
E01,2025-04-01,Bourg-Saint-Maurice,Q2,C1H,C1H_Athlete_12,105.24,2,OK,107.24,12.0
E01,2025-04-01,Bourg-Saint-Maurice,Q2,C1H,C1H_Athlete_13,106.87,2,OK,108.87,14.0
E01,2025-04-01,Bourg-Saint-Maurice,Q2,C1H,C1H_Athlete_14,104.28,0,OK,104.28,6.0
E01,2025-04-01,Bourg-Saint-Maurice,Q2,C1H,C1H_Athlete_15,101.26,0,OK,101.26,1.0
E01,2025-04-01,Bourg-Saint-Maurice,Q2,C1H,C1H_Athlete_16,102.64,2,OK,104.64,7.0
E01,2025-04-01,Bourg-Saint-Maurice,Q2,K1F,K1F_Athlete_01,112.53,6,OK,118.53,11.0
E01,2025-04-01,Bourg-Saint-Maurice,Q2,K1F,K1F_Athlete_02,114.64,0,OK,114.64,1.0
E01,2025-04-01,Bourg-Saint-Maurice,Q2,K1F,K1F_Athlete_03,113.99,4,OK,117.99,8.0
E01,2025-04-01,Bourg-Saint-Maurice,Q2,K1F,K1F_Athlete_04,117.42,2,DSQ,,
E01,2025-04-01,Bourg-Saint-Maurice,Q2,K1F,K1F_Athlete_05,115.42,0,OK,115.42,2.0
E01,2025-04-01,Bourg-Saint-Maurice,Q2,K1F,K1F_Athlete_06,116.39,2,OK,118.39,9.0
E01,2025-04-01,Bourg-Saint-Maurice,Q2,K1F,K1F_Athlete_07,118.69,2,OK,120.69,12.0
E01,2025-04-01,Bourg-Saint-Maurice,Q2,K1F,K1F_Athlete_08,115.84,0,OK,115.84,4.0
E01,2025-04-01,Bourg-Saint-Maurice,Q2,K1F,K1F_Athlete_09,116.36,0,DSQ,,
E01,2025-04-01,Bourg-Saint-Maurice,Q2,K1F,K1F_Athlete_10,116.49,2,OK,118.49,10.0
E01,2025-04-01,Bourg-Saint-Maurice,Q2,K1F,K1F_Athlete_11,117.36,0,OK,117.36,7.0
E01,2025-04-01,Bourg-Saint-Maurice,Q2,K1F,K1F_Athlete_12,117.05,0,OK,117.05,6.0
E01,2025-04-01,Bourg-Saint-Maurice,Q2,K1F,K1F_Athlete_13,115.52,0,OK,115.52,3.0
E01,2025-04-01,Bourg-Saint-Maurice,Q2,K1F,K1F_Athlete_14,116.58,0,OK,116.58,5.0
E01,2025-04-01,Bourg-Saint-Maurice,Q2,C1F,C1F_Athlete_01,111.39,4,OK,115.39,10.0
E01,2025-04-01,Bourg-Saint-Maurice,Q2,C1F,C1F_Athlete_02,108.33,0,OK,108.33,1.0
E01,2025-04-01,Bourg-Saint-Maurice,Q2,C1F,C1F_Athlete_03,111.7,2,OK,113.7,5.0
E01,2025-04-01,Bourg-Saint-Maurice,Q2,C1F,C1F_Athlete_04,110.62,4,OK,114.62,8.0
E01,2025-04-01,Bourg-Saint-Maurice,Q2,C1F,C1F_Athlete_05,111.28,2,OK,113.28,4.0
E01,2025-04-01,Bourg-Saint-Maurice,Q2,C1F,C1F_Athlete_06,112.75,2,OK,114.75,9.0
E01,2025-04-01,Bourg-Saint-Maurice,Q2,C1F,C1F_Athlete_07,112.59,4,OK,116.59,11.0
E01,2025-04-01,Bourg-Saint-Maurice,Q2,C1F,C1F_Athlete_08,112.89,0,DNF,,
E01,2025-04-01,Bourg-Saint-Maurice,Q2,C1F,C1F_Athlete_09,113.85,0,OK,113.85,6.0
E01,2025-04-01,Bourg-Saint-Maurice,Q2,C1F,C1F_Athlete_10,109.82,0,OK,109.82,2.0
E01,2025-04-01,Bourg-Saint-Maurice,Q2,C1F,C1F_Athlete_11,110.3,0,OK,110.3,3.0
E01,2025-04-01,Bourg-Saint-Maurice,Q2,C1F,C1F_Athlete_12,111.85,2,OK,113.85,6.0
E01,2025-04-01,Bourg-Saint-Maurice,Final,K1H,K1H_Athlete_01,105.8,0,OK,105.8,4.0
E01,2025-04-01,Bourg-Saint-Maurice,Final,K1H,K1H_Athlete_02,102.94,0,OK,102.94,1.0
E01,2025-04-01,Bourg-Saint-Maurice,Final,K1H,K1H_Athlete_03,107.11,0,OK,107.11,7.0
E01,2025-04-01,Bourg-Saint-Maurice,Final,K1H,K1H_Athlete_04,108.55,0,OK,108.55,11.0
E01,2025-04-01,Bourg-Saint-Maurice,Final,K1H,K1H_Athlete_05,104.85,0,OK,104.85,2.0
E01,2025-04-01,Bourg-Saint-Maurice,Final,K1H,K1H_Athlete_06,105.21,0,OK,105.21,3.0
E01,2025-04-01,Bourg-Saint-Maurice,Final,K1H,K1H_Athlete_07,107.44,2,OK,109.44,15.0
E01,2025-04-01,Bourg-Saint-Maurice,Final,K1H,K1H_Athlete_08,107.84,2,OK,109.84,17.0
E01,2025-04-01,Bourg-Saint-Maurice,Final,K1H,K1H_Athlete_09,107.67,0,OK,107.67,9.0
E01,2025-04-01,Bourg-Saint-Maurice,Final,K1H,K1H_Athlete_10,107.05,0,OK,107.05,6.0
E01,2025-04-01,Bourg-Saint-Maurice,Final,K1H,K1H_Athlete_11,109.34,0,OK,109.34,13.0
E01,2025-04-01,Bourg-Saint-Maurice,Final,K1H,K1H_Athlete_12,110.07,2,OK,112.07,20.0
E01,2025-04-01,Bourg-Saint-Maurice,Final,K1H,K1H_Athlete_13,107.64,0,OK,107.64,8.0
E01,2025-04-01,Bourg-Saint-Maurice,Final,K1H,K1H_Athlete_14,108.0,0,OK,108.0,10.0
E01,2025-04-01,Bourg-Saint-Maurice,Final,K1H,K1H_Athlete_15,109.44,0,OK,109.44,15.0
E01,2025-04-01,Bourg-Saint-Maurice,Final,K1H,K1H_Athlete_16,106.45,0,OK,106.45,5.0
E01,2025-04-01,Bourg-Saint-Maurice,Final,K1H,K1H_Athlete_17,109.35,0,OK,109.35,14.0
E01,2025-04-01,Bourg-Saint-Maurice,Final,K1H,K1H_Athlete_18,106.97,2,OK,108.97,12.0
E01,2025-04-01,Bourg-Saint-Maurice,Final,K1H,K1H_Athlete_19,108.89,2,OK,110.89,19.0
E01,2025-04-01,Bourg-Saint-Maurice,Final,K1H,K1H_Athlete_20,108.12,2,OK,110.12,18.0
E01,2025-04-01,Bourg-Saint-Maurice,Final,C1H,C1H_Athlete_01,101.25,10,DSQ,,
E01,2025-04-01,Bourg-Saint-Maurice,Final,C1H,C1H_Athlete_02,100.49,2,OK,102.49,5.0
E01,2025-04-01,Bourg-Saint-Maurice,Final,C1H,C1H_Athlete_03,99.59,0,OK,99.59,1.0
E01,2025-04-01,Bourg-Saint-Maurice,Final,C1H,C1H_Athlete_04,103.83,2,OK,105.83,13.0
E01,2025-04-01,Bourg-Saint-Maurice,Final,C1H,C1H_Athlete_05,102.93,2,OK,104.93,10.0
E01,2025-04-01,Bourg-Saint-Maurice,Final,C1H,C1H_Athlete_06,104.11,0,OK,104.11,8.0
E01,2025-04-01,Bourg-Saint-Maurice,Final,C1H,C1H_Athlete_07,101.64,2,OK,103.64,7.0
E01,2025-04-01,Bourg-Saint-Maurice,Final,C1H,C1H_Athlete_08,105.21,0,OK,105.21,12.0
E01,2025-04-01,Bourg-Saint-Maurice,Final,C1H,C1H_Athlete_09,100.41,0,OK,100.41,2.0
E01,2025-04-01,Bourg-Saint-Maurice,Final,C1H,C1H_Athlete_10,100.72,0,OK,100.72,3.0
E01,2025-04-01,Bourg-Saint-Maurice,Final,C1H,C1H_Athlete_11,102.9,0,OK,102.9,6.0
E01,2025-04-01,Bourg-Saint-Maurice,Final,C1H,C1H_Athlete_12,104.34,0,OK,104.34,9.0
E01,2025-04-01,Bourg-Saint-Maurice,Final,C1H,C1H_Athlete_13,103.55,4,OK,107.55,14.0
E01,2025-04-01,Bourg-Saint-Maurice,Final,C1H,C1H_Athlete_14,101.23,8,OK,109.23,15.0
E01,2025-04-01,Bourg-Saint-Maurice,Final,C1H,C1H_Athlete_15,98.97,2,OK,100.97,4.0
E01,2025-04-01,Bourg-Saint-Maurice,Final,C1H,C1H_Athlete_16,101.17,4,OK,105.17,11.0
E01,2025-04-01,Bourg-Saint-Maurice,Final,K1F,K1F_Athlete_01,109.34,2,OK,111.34,2.0
E01,2025-04-01,Bourg-Saint-Maurice,Final,K1F,K1F_Athlete_02,112.9,4,OK,116.9,10.0
E01,2025-04-01,Bourg-Saint-Maurice,Final,K1F,K1F_Athlete_03,110.97,0,OK,110.97,1.0
E01,2025-04-01,Bourg-Saint-Maurice,Final,K1F,K1F_Athlete_04,114.62,4,OK,118.62,12.0
E01,2025-04-01,Bourg-Saint-Maurice,Final,K1F,K1F_Athlete_05,115.43,2,OK,117.43,11.0
E01,2025-04-01,Bourg-Saint-Maurice,Final,K1F,K1F_Athlete_06,115.18,4,OK,119.18,13.0
E01,2025-04-01,Bourg-Saint-Maurice,Final,K1F,K1F_Athlete_07,115.96,0,OK,115.96,7.0
E01,2025-04-01,Bourg-Saint-Maurice,Final,K1F,K1F_Athlete_08,115.21,0,OK,115.21,5.0
E01,2025-04-01,Bourg-Saint-Maurice,Final,K1F,K1F_Athlete_09,116.12,0,OK,116.12,9.0
E01,2025-04-01,Bourg-Saint-Maurice,Final,K1F,K1F_Athlete_10,114.24,0,OK,114.24,3.0
E01,2025-04-01,Bourg-Saint-Maurice,Final,K1F,K1F_Athlete_11,116.07,0,OK,116.07,8.0
E01,2025-04-01,Bourg-Saint-Maurice,Final,K1F,K1F_Athlete_12,116.48,4,DNF,,
E01,2025-04-01,Bourg-Saint-Maurice,Final,K1F,K1F_Athlete_13,113.51,2,OK,115.51,6.0
E01,2025-04-01,Bourg-Saint-Maurice,Final,K1F,K1F_Athlete_14,115.14,0,OK,115.14,4.0
E01,2025-04-01,Bourg-Saint-Maurice,Final,C1F,C1F_Athlete_01,110.68,8,OK,118.68,11.0
E01,2025-04-01,Bourg-Saint-Maurice,Final,C1F,C1F_Athlete_02,107.7,0,OK,107.7,1.0
E01,2025-04-01,Bourg-Saint-Maurice,Final,C1F,C1F_Athlete_03,108.24,2,OK,110.24,4.0
E01,2025-04-01,Bourg-Saint-Maurice,Final,C1F,C1F_Athlete_04,107.72,2,OK,109.72,2.0
E01,2025-04-01,Bourg-Saint-Maurice,Final,C1F,C1F_Athlete_05,110.25,0,OK,110.25,5.0
E01,2025-04-01,Bourg-Saint-Maurice,Final,C1F,C1F_Athlete_06,110.2,0,OK,110.2,3.0
E01,2025-04-01,Bourg-Saint-Maurice,Final,C1F,C1F_Athlete_07,112.35,0,OK,112.35,8.0
E01,2025-04-01,Bourg-Saint-Maurice,Final,C1F,C1F_Athlete_08,113.67,2,OK,115.67,9.0
E01,2025-04-01,Bourg-Saint-Maurice,Final,C1F,C1F_Athlete_09,110.92,0,OK,110.92,7.0
E01,2025-04-01,Bourg-Saint-Maurice,Final,C1F,C1F_Athlete_10,109.74,8,OK,117.74,10.0
E01,2025-04-01,Bourg-Saint-Maurice,Final,C1F,C1F_Athlete_11,110.56,0,OK,110.56,6.0
E01,2025-04-01,Bourg-Saint-Maurice,Final,C1F,C1F_Athlete_12,113.51,8,OK,121.51,12.0
E02,2025-04-15,Vaires-sur-Marne,Q1,K1H,K1H_Athlete_01,92.99,2,OK,94.99,10.0
E02,2025-04-15,Vaires-sur-Marne,Q1,K1H,K1H_Athlete_02,90.53,0,OK,90.53,1.0
E02,2025-04-15,Vaires-sur-Marne,Q1,K1H,K1H_Athlete_03,91.79,0,OK,91.79,2.0
E02,2025-04-15,Vaires-sur-Marne,Q1,K1H,K1H_Athlete_04,96.4,4,OK,100.4,17.0
E02,2025-04-15,Vaires-sur-Marne,Q1,K1H,K1H_Athlete_05,92.22,0,OK,92.22,3.0
E02,2025-04-15,Vaires-sur-Marne,Q1,K1H,K1H_Athlete_06,92.29,0,OK,92.29,4.0
E02,2025-04-15,Vaires-sur-Marne,Q1,K1H,K1H_Athlete_07,96.01,0,OK,96.01,14.0
E02,2025-04-15,Vaires-sur-Marne,Q1,K1H,K1H_Athlete_08,93.73,2,OK,95.73,12.0
E02,2025-04-15,Vaires-sur-Marne,Q1,K1H,K1H_Athlete_09,94.54,2,OK,96.54,15.0
E02,2025-04-15,Vaires-sur-Marne,Q1,K1H,K1H_Athlete_10,93.67,10,OK,103.67,19.0
E02,2025-04-15,Vaires-sur-Marne,Q1,K1H,K1H_Athlete_11,95.12,0,OK,95.12,11.0
E02,2025-04-15,Vaires-sur-Marne,Q1,K1H,K1H_Athlete_12,95.97,0,OK,95.97,13.0
E02,2025-04-15,Vaires-sur-Marne,Q1,K1H,K1H_Athlete_13,94.14,0,OK,94.14,6.0
E02,2025-04-15,Vaires-sur-Marne,Q1,K1H,K1H_Athlete_14,95.63,2,OK,97.63,16.0
E02,2025-04-15,Vaires-sur-Marne,Q1,K1H,K1H_Athlete_15,96.37,10,OK,106.37,20.0
E02,2025-04-15,Vaires-sur-Marne,Q1,K1H,K1H_Athlete_16,92.48,2,OK,94.48,7.0
E02,2025-04-15,Vaires-sur-Marne,Q1,K1H,K1H_Athlete_17,92.84,2,OK,94.84,9.0
E02,2025-04-15,Vaires-sur-Marne,Q1,K1H,K1H_Athlete_18,94.74,0,OK,94.74,8.0
E02,2025-04-15,Vaires-sur-Marne,Q1,K1H,K1H_Athlete_19,97.97,4,OK,101.97,18.0
E02,2025-04-15,Vaires-sur-Marne,Q1,K1H,K1H_Athlete_20,94.11,0,OK,94.11,5.0
E02,2025-04-15,Vaires-sur-Marne,Q1,C1H,C1H_Athlete_01,87.82,0,OK,87.82,1.0
E02,2025-04-15,Vaires-sur-Marne,Q1,C1H,C1H_Athlete_02,86.82,2,OK,88.82,3.0
E02,2025-04-15,Vaires-sur-Marne,Q1,C1H,C1H_Athlete_03,85.97,6,OK,91.97,13.0
E02,2025-04-15,Vaires-sur-Marne,Q1,C1H,C1H_Athlete_04,91.48,0,OK,91.48,11.0
E02,2025-04-15,Vaires-sur-Marne,Q1,C1H,C1H_Athlete_05,90.82,0,OK,90.82,9.0
E02,2025-04-15,Vaires-sur-Marne,Q1,C1H,C1H_Athlete_06,92.72,0,OK,92.72,14.0
E02,2025-04-15,Vaires-sur-Marne,Q1,C1H,C1H_Athlete_07,90.97,6,OK,96.97,16.0
E02,2025-04-15,Vaires-sur-Marne,Q1,C1H,C1H_Athlete_08,93.17,0,OK,93.17,15.0
E02,2025-04-15,Vaires-sur-Marne,Q1,C1H,C1H_Athlete_09,89.36,0,OK,89.36,4.0
E02,2025-04-15,Vaires-sur-Marne,Q1,C1H,C1H_Athlete_10,90.1,0,OK,90.1,8.0
E02,2025-04-15,Vaires-sur-Marne,Q1,C1H,C1H_Athlete_11,89.54,0,OK,89.54,6.0
E02,2025-04-15,Vaires-sur-Marne,Q1,C1H,C1H_Athlete_12,91.96,0,OK,91.96,12.0
E02,2025-04-15,Vaires-sur-Marne,Q1,C1H,C1H_Athlete_13,91.03,0,OK,91.03,10.0
E02,2025-04-15,Vaires-sur-Marne,Q1,C1H,C1H_Athlete_14,89.5,0,OK,89.5,5.0
E02,2025-04-15,Vaires-sur-Marne,Q1,C1H,C1H_Athlete_15,88.51,0,OK,88.51,2.0
E02,2025-04-15,Vaires-sur-Marne,Q1,C1H,C1H_Athlete_16,89.68,0,OK,89.68,7.0
E02,2025-04-15,Vaires-sur-Marne,Q1,K1F,K1F_Athlete_01,96.36,0,OK,96.36,1.0
E02,2025-04-15,Vaires-sur-Marne,Q1,K1F,K1F_Athlete_02,99.31,4,OK,103.31,10.0
E02,2025-04-15,Vaires-sur-Marne,Q1,K1F,K1F_Athlete_03,99.28,0,OK,99.28,3.0
E02,2025-04-15,Vaires-sur-Marne,Q1,K1F,K1F_Athlete_04,99.09,0,OK,99.09,2.0
E02,2025-04-15,Vaires-sur-Marne,Q1,K1F,K1F_Athlete_05,99.64,0,OK,99.64,4.0
E02,2025-04-15,Vaires-sur-Marne,Q1,K1F,K1F_Athlete_06,100.29,0,OK,100.29,5.0
E02,2025-04-15,Vaires-sur-Marne,Q1,K1F,K1F_Athlete_07,103.29,2,OK,105.29,13.0
E02,2025-04-15,Vaires-sur-Marne,Q1,K1F,K1F_Athlete_08,101.38,0,DNF,,
E02,2025-04-15,Vaires-sur-Marne,Q1,K1F,K1F_Athlete_09,102.41,2,OK,104.41,12.0
E02,2025-04-15,Vaires-sur-Marne,Q1,K1F,K1F_Athlete_10,99.9,2,OK,101.9,6.0
E02,2025-04-15,Vaires-sur-Marne,Q1,K1F,K1F_Athlete_11,100.21,4,OK,104.21,11.0
E02,2025-04-15,Vaires-sur-Marne,Q1,K1F,K1F_Athlete_12,102.06,0,OK,102.06,7.0
E02,2025-04-15,Vaires-sur-Marne,Q1,K1F,K1F_Athlete_13,99.0,4,OK,103.0,9.0
E02,2025-04-15,Vaires-sur-Marne,Q1,K1F,K1F_Athlete_14,100.92,2,OK,102.92,8.0
E02,2025-04-15,Vaires-sur-Marne,Q1,C1F,C1F_Athlete_01,97.77,2,OK,99.77,8.0
E02,2025-04-15,Vaires-sur-Marne,Q1,C1F,C1F_Athlete_02,94.33,0,OK,94.33,1.0
E02,2025-04-15,Vaires-sur-Marne,Q1,C1F,C1F_Athlete_03,97.27,0,OK,97.27,4.0
E02,2025-04-15,Vaires-sur-Marne,Q1,C1F,C1F_Athlete_04,95.36,2,OK,97.36,5.0
E02,2025-04-15,Vaires-sur-Marne,Q1,C1F,C1F_Athlete_05,95.2,0,OK,95.2,2.0
E02,2025-04-15,Vaires-sur-Marne,Q1,C1F,C1F_Athlete_06,97.52,0,OK,97.52,6.0
E02,2025-04-15,Vaires-sur-Marne,Q1,C1F,C1F_Athlete_07,97.5,10,OK,107.5,11.0
E02,2025-04-15,Vaires-sur-Marne,Q1,C1F,C1F_Athlete_08,97.01,0,OK,97.01,3.0
E02,2025-04-15,Vaires-sur-Marne,Q1,C1F,C1F_Athlete_09,99.78,0,OK,99.78,9.0
E02,2025-04-15,Vaires-sur-Marne,Q1,C1F,C1F_Athlete_10,98.34,10,OK,108.34,12.0
E02,2025-04-15,Vaires-sur-Marne,Q1,C1F,C1F_Athlete_11,97.86,2,OK,99.86,10.0
E02,2025-04-15,Vaires-sur-Marne,Q1,C1F,C1F_Athlete_12,98.58,0,OK,98.58,7.0
E02,2025-04-15,Vaires-sur-Marne,Q2,K1H,K1H_Athlete_01,93.54,2,OK,95.54,10.0
E02,2025-04-15,Vaires-sur-Marne,Q2,K1H,K1H_Athlete_02,92.18,0,OK,92.18,2.0
E02,2025-04-15,Vaires-sur-Marne,Q2,K1H,K1H_Athlete_03,92.98,6,OK,98.98,17.0
E02,2025-04-15,Vaires-sur-Marne,Q2,K1H,K1H_Athlete_04,95.0,0,OK,95.0,5.0
E02,2025-04-15,Vaires-sur-Marne,Q2,K1H,K1H_Athlete_05,91.03,0,OK,91.03,1.0
E02,2025-04-15,Vaires-sur-Marne,Q2,K1H,K1H_Athlete_06,93.15,4,DNF,,
E02,2025-04-15,Vaires-sur-Marne,Q2,K1H,K1H_Athlete_07,95.04,4,OK,99.04,18.0
E02,2025-04-15,Vaires-sur-Marne,Q2,K1H,K1H_Athlete_08,95.28,0,OK,95.28,7.0
E02,2025-04-15,Vaires-sur-Marne,Q2,K1H,K1H_Athlete_09,95.51,0,OK,95.51,9.0
E02,2025-04-15,Vaires-sur-Marne,Q2,K1H,K1H_Athlete_10,93.31,2,OK,95.31,8.0
E02,2025-04-15,Vaires-sur-Marne,Q2,K1H,K1H_Athlete_11,94.56,4,OK,98.56,16.0
E02,2025-04-15,Vaires-sur-Marne,Q2,K1H,K1H_Athlete_12,95.26,0,OK,95.26,6.0
E02,2025-04-15,Vaires-sur-Marne,Q2,K1H,K1H_Athlete_13,94.82,0,OK,94.82,4.0
E02,2025-04-15,Vaires-sur-Marne,Q2,K1H,K1H_Athlete_14,95.82,2,OK,97.82,14.0
E02,2025-04-15,Vaires-sur-Marne,Q2,K1H,K1H_Athlete_15,94.62,2,OK,96.62,13.0
E02,2025-04-15,Vaires-sur-Marne,Q2,K1H,K1H_Athlete_16,93.65,2,OK,95.65,11.0
E02,2025-04-15,Vaires-sur-Marne,Q2,K1H,K1H_Athlete_17,94.56,2,OK,96.56,12.0
E02,2025-04-15,Vaires-sur-Marne,Q2,K1H,K1H_Athlete_18,92.73,0,OK,92.73,3.0
E02,2025-04-15,Vaires-sur-Marne,Q2,K1H,K1H_Athlete_19,95.96,4,OK,99.96,19.0
E02,2025-04-15,Vaires-sur-Marne,Q2,K1H,K1H_Athlete_20,94.11,4,OK,98.11,15.0
E02,2025-04-15,Vaires-sur-Marne,Q2,C1H,C1H_Athlete_01,87.59,0,OK,87.59,1.0
E02,2025-04-15,Vaires-sur-Marne,Q2,C1H,C1H_Athlete_02,87.77,6,OK,93.77,12.0
E02,2025-04-15,Vaires-sur-Marne,Q2,C1H,C1H_Athlete_03,87.53,2,OK,89.53,7.0
E02,2025-04-15,Vaires-sur-Marne,Q2,C1H,C1H_Athlete_04,88.98,0,OK,88.98,3.0
E02,2025-04-15,Vaires-sur-Marne,Q2,C1H,C1H_Athlete_05,91.11,0,OK,91.11,9.0
E02,2025-04-15,Vaires-sur-Marne,Q2,C1H,C1H_Athlete_06,89.69,0,OK,89.69,8.0
E02,2025-04-15,Vaires-sur-Marne,Q2,C1H,C1H_Athlete_07,89.3,0,OK,89.3,5.0
E02,2025-04-15,Vaires-sur-Marne,Q2,C1H,C1H_Athlete_08,92.77,2,OK,94.77,13.0
E02,2025-04-15,Vaires-sur-Marne,Q2,C1H,C1H_Athlete_09,89.58,4,OK,93.58,11.0
E02,2025-04-15,Vaires-sur-Marne,Q2,C1H,C1H_Athlete_10,88.75,4,OK,92.75,10.0
E02,2025-04-15,Vaires-sur-Marne,Q2,C1H,C1H_Athlete_11,89.73,8,OK,97.73,16.0
E02,2025-04-15,Vaires-sur-Marne,Q2,C1H,C1H_Athlete_12,89.63,8,OK,97.63,15.0
E02,2025-04-15,Vaires-sur-Marne,Q2,C1H,C1H_Athlete_13,91.14,6,OK,97.14,14.0
E02,2025-04-15,Vaires-sur-Marne,Q2,C1H,C1H_Athlete_14,89.36,0,OK,89.36,6.0
E02,2025-04-15,Vaires-sur-Marne,Q2,C1H,C1H_Athlete_15,88.9,0,OK,88.9,2.0
E02,2025-04-15,Vaires-sur-Marne,Q2,C1H,C1H_Athlete_16,89.21,0,OK,89.21,4.0
E02,2025-04-15,Vaires-sur-Marne,Q2,K1F,K1F_Athlete_01,98.71,0,OK,98.71,1.0
E02,2025-04-15,Vaires-sur-Marne,Q2,K1F,K1F_Athlete_02,98.83,0,OK,98.83,2.0
E02,2025-04-15,Vaires-sur-Marne,Q2,K1F,K1F_Athlete_03,100.12,0,OK,100.12,4.0
E02,2025-04-15,Vaires-sur-Marne,Q2,K1F,K1F_Athlete_04,100.94,0,OK,100.94,7.0
E02,2025-04-15,Vaires-sur-Marne,Q2,K1F,K1F_Athlete_05,99.84,6,OK,105.84,14.0
E02,2025-04-15,Vaires-sur-Marne,Q2,K1F,K1F_Athlete_06,101.19,4,OK,105.19,13.0
E02,2025-04-15,Vaires-sur-Marne,Q2,K1F,K1F_Athlete_07,101.0,2,OK,103.0,12.0
E02,2025-04-15,Vaires-sur-Marne,Q2,K1F,K1F_Athlete_08,100.45,0,OK,100.45,5.0
E02,2025-04-15,Vaires-sur-Marne,Q2,K1F,K1F_Athlete_09,102.08,0,OK,102.08,10.0
E02,2025-04-15,Vaires-sur-Marne,Q2,K1F,K1F_Athlete_10,101.43,0,OK,101.43,8.0
E02,2025-04-15,Vaires-sur-Marne,Q2,K1F,K1F_Athlete_11,100.66,0,OK,100.66,6.0
E02,2025-04-15,Vaires-sur-Marne,Q2,K1F,K1F_Athlete_12,102.55,0,OK,102.55,11.0
E02,2025-04-15,Vaires-sur-Marne,Q2,K1F,K1F_Athlete_13,99.99,0,OK,99.99,3.0
E02,2025-04-15,Vaires-sur-Marne,Q2,K1F,K1F_Athlete_14,101.72,0,OK,101.72,9.0
E02,2025-04-15,Vaires-sur-Marne,Q2,C1F,C1F_Athlete_01,96.88,2,OK,98.88,10.0
E02,2025-04-15,Vaires-sur-Marne,Q2,C1F,C1F_Athlete_02,93.97,2,OK,95.97,3.0
E02,2025-04-15,Vaires-sur-Marne,Q2,C1F,C1F_Athlete_03,94.06,2,OK,96.06,4.0
E02,2025-04-15,Vaires-sur-Marne,Q2,C1F,C1F_Athlete_04,95.39,0,OK,95.39,1.0
E02,2025-04-15,Vaires-sur-Marne,Q2,C1F,C1F_Athlete_05,93.52,4,OK,97.52,6.0
E02,2025-04-15,Vaires-sur-Marne,Q2,C1F,C1F_Athlete_06,95.9,0,OK,95.9,2.0
E02,2025-04-15,Vaires-sur-Marne,Q2,C1F,C1F_Athlete_07,98.41,2,OK,100.41,11.0
E02,2025-04-15,Vaires-sur-Marne,Q2,C1F,C1F_Athlete_08,98.59,0,OK,98.59,9.0
E02,2025-04-15,Vaires-sur-Marne,Q2,C1F,C1F_Athlete_09,97.22,10,OK,107.22,12.0
E02,2025-04-15,Vaires-sur-Marne,Q2,C1F,C1F_Athlete_10,96.14,0,OK,96.14,5.0
E02,2025-04-15,Vaires-sur-Marne,Q2,C1F,C1F_Athlete_11,97.87,0,OK,97.87,7.0
E02,2025-04-15,Vaires-sur-Marne,Q2,C1F,C1F_Athlete_12,97.92,0,OK,97.92,8.0
E02,2025-04-15,Vaires-sur-Marne,Final,K1H,K1H_Athlete_01,90.26,0,OK,90.26,1.0
E02,2025-04-15,Vaires-sur-Marne,Final,K1H,K1H_Athlete_02,90.52,0,OK,90.52,2.0
E02,2025-04-15,Vaires-sur-Marne,Final,K1H,K1H_Athlete_03,92.66,0,OK,92.66,6.0
E02,2025-04-15,Vaires-sur-Marne,Final,K1H,K1H_Athlete_04,95.15,0,OK,95.15,12.0
E02,2025-04-15,Vaires-sur-Marne,Final,K1H,K1H_Athlete_05,91.62,0,OK,91.62,3.0
E02,2025-04-15,Vaires-sur-Marne,Final,K1H,K1H_Athlete_06,90.63,2,OK,92.63,5.0
E02,2025-04-15,Vaires-sur-Marne,Final,K1H,K1H_Athlete_07,94.06,2,OK,96.06,15.0
E02,2025-04-15,Vaires-sur-Marne,Final,K1H,K1H_Athlete_08,92.91,2,OK,94.91,10.0
E02,2025-04-15,Vaires-sur-Marne,Final,K1H,K1H_Athlete_09,93.14,0,OK,93.14,7.0
E02,2025-04-15,Vaires-sur-Marne,Final,K1H,K1H_Athlete_10,93.27,0,DNF,,
E02,2025-04-15,Vaires-sur-Marne,Final,K1H,K1H_Athlete_11,96.07,0,OK,96.07,16.0
E02,2025-04-15,Vaires-sur-Marne,Final,K1H,K1H_Athlete_12,96.22,2,OK,98.22,18.0
E02,2025-04-15,Vaires-sur-Marne,Final,K1H,K1H_Athlete_13,94.86,4,OK,98.86,19.0
E02,2025-04-15,Vaires-sur-Marne,Final,K1H,K1H_Athlete_14,94.96,0,OK,94.96,11.0
E02,2025-04-15,Vaires-sur-Marne,Final,K1H,K1H_Athlete_15,94.52,2,OK,96.52,17.0
E02,2025-04-15,Vaires-sur-Marne,Final,K1H,K1H_Athlete_16,93.16,0,OK,93.16,8.0
E02,2025-04-15,Vaires-sur-Marne,Final,K1H,K1H_Athlete_17,94.18,0,OK,94.18,9.0
E02,2025-04-15,Vaires-sur-Marne,Final,K1H,K1H_Athlete_18,92.46,0,OK,92.46,4.0
E02,2025-04-15,Vaires-sur-Marne,Final,K1H,K1H_Athlete_19,95.48,0,OK,95.48,14.0
E02,2025-04-15,Vaires-sur-Marne,Final,K1H,K1H_Athlete_20,93.47,2,OK,95.47,13.0
E02,2025-04-15,Vaires-sur-Marne,Final,C1H,C1H_Athlete_01,87.55,0,DSQ,,
E02,2025-04-15,Vaires-sur-Marne,Final,C1H,C1H_Athlete_02,87.19,0,OK,87.19,1.0
E02,2025-04-15,Vaires-sur-Marne,Final,C1H,C1H_Athlete_03,86.34,2,OK,88.34,4.0
E02,2025-04-15,Vaires-sur-Marne,Final,C1H,C1H_Athlete_04,89.14,0,OK,89.14,7.0
E02,2025-04-15,Vaires-sur-Marne,Final,C1H,C1H_Athlete_05,88.84,0,OK,88.84,5.0
E02,2025-04-15,Vaires-sur-Marne,Final,C1H,C1H_Athlete_06,89.19,2,OK,91.19,12.0
E02,2025-04-15,Vaires-sur-Marne,Final,C1H,C1H_Athlete_07,90.18,4,DNF,,
E02,2025-04-15,Vaires-sur-Marne,Final,C1H,C1H_Athlete_08,91.06,0,OK,91.06,11.0
E02,2025-04-15,Vaires-sur-Marne,Final,C1H,C1H_Athlete_09,89.0,0,OK,89.0,6.0
E02,2025-04-15,Vaires-sur-Marne,Final,C1H,C1H_Athlete_10,87.35,0,OK,87.35,2.0
E02,2025-04-15,Vaires-sur-Marne,Final,C1H,C1H_Athlete_11,87.89,2,OK,89.89,10.0
E02,2025-04-15,Vaires-sur-Marne,Final,C1H,C1H_Athlete_12,90.03,4,OK,94.03,14.0
E02,2025-04-15,Vaires-sur-Marne,Final,C1H,C1H_Athlete_13,92.8,0,OK,92.8,13.0
E02,2025-04-15,Vaires-sur-Marne,Final,C1H,C1H_Athlete_14,87.75,2,OK,89.75,9.0
E02,2025-04-15,Vaires-sur-Marne,Final,C1H,C1H_Athlete_15,89.37,0,OK,89.37,8.0
E02,2025-04-15,Vaires-sur-Marne,Final,C1H,C1H_Athlete_16,88.2,0,OK,88.2,3.0
E02,2025-04-15,Vaires-sur-Marne,Final,K1F,K1F_Athlete_01,96.02,2,OK,98.02,2.0
E02,2025-04-15,Vaires-sur-Marne,Final,K1F,K1F_Athlete_02,97.85,0,OK,97.85,1.0
E02,2025-04-15,Vaires-sur-Marne,Final,K1F,K1F_Athlete_03,97.27,2,OK,99.27,3.0
E02,2025-04-15,Vaires-sur-Marne,Final,K1F,K1F_Athlete_04,100.85,4,OK,104.85,13.0
E02,2025-04-15,Vaires-sur-Marne,Final,K1F,K1F_Athlete_05,100.15,2,OK,102.15,9.0
E02,2025-04-15,Vaires-sur-Marne,Final,K1F,K1F_Athlete_06,99.52,0,OK,99.52,4.0
E02,2025-04-15,Vaires-sur-Marne,Final,K1F,K1F_Athlete_07,102.07,0,OK,102.07,8.0
E02,2025-04-15,Vaires-sur-Marne,Final,K1F,K1F_Athlete_08,101.54,2,OK,103.54,12.0
E02,2025-04-15,Vaires-sur-Marne,Final,K1F,K1F_Athlete_09,101.16,2,OK,103.16,11.0
E02,2025-04-15,Vaires-sur-Marne,Final,K1F,K1F_Athlete_10,100.8,0,OK,100.8,6.0
E02,2025-04-15,Vaires-sur-Marne,Final,K1F,K1F_Athlete_11,101.32,4,OK,105.32,14.0
E02,2025-04-15,Vaires-sur-Marne,Final,K1F,K1F_Athlete_12,101.67,0,OK,101.67,7.0
E02,2025-04-15,Vaires-sur-Marne,Final,K1F,K1F_Athlete_13,98.49,4,OK,102.49,10.0
E02,2025-04-15,Vaires-sur-Marne,Final,K1F,K1F_Athlete_14,99.95,0,OK,99.95,5.0
E02,2025-04-15,Vaires-sur-Marne,Final,C1F,C1F_Athlete_01,95.99,0,OK,95.99,5.0
E02,2025-04-15,Vaires-sur-Marne,Final,C1F,C1F_Athlete_02,92.08,2,OK,94.08,2.0
E02,2025-04-15,Vaires-sur-Marne,Final,C1F,C1F_Athlete_03,96.96,0,DNF,,
E02,2025-04-15,Vaires-sur-Marne,Final,C1F,C1F_Athlete_04,93.93,0,OK,93.93,1.0
E02,2025-04-15,Vaires-sur-Marne,Final,C1F,C1F_Athlete_05,96.99,0,OK,96.99,7.0
E02,2025-04-15,Vaires-sur-Marne,Final,C1F,C1F_Athlete_06,96.53,0,OK,96.53,6.0
E02,2025-04-15,Vaires-sur-Marne,Final,C1F,C1F_Athlete_07,97.06,2,OK,99.06,10.0
E02,2025-04-15,Vaires-sur-Marne,Final,C1F,C1F_Athlete_08,97.11,0,OK,97.11,8.0
E02,2025-04-15,Vaires-sur-Marne,Final,C1F,C1F_Athlete_09,97.3,10,OK,107.3,11.0
E02,2025-04-15,Vaires-sur-Marne,Final,C1F,C1F_Athlete_10,97.36,0,OK,97.36,9.0
E02,2025-04-15,Vaires-sur-Marne,Final,C1F,C1F_Athlete_11,93.58,2,OK,95.58,3.0
E02,2025-04-15,Vaires-sur-Marne,Final,C1F,C1F_Athlete_12,95.58,0,OK,95.58,3.0
E03,2025-04-29,Pau,Q1,K1H,K1H_Athlete_01,97.9,4,OK,101.9,16.0
E03,2025-04-29,Pau,Q1,K1H,K1H_Athlete_02,95.86,0,OK,95.86,1.0
E03,2025-04-29,Pau,Q1,K1H,K1H_Athlete_03,96.87,0,OK,96.87,3.0
E03,2025-04-29,Pau,Q1,K1H,K1H_Athlete_04,101.29,6,OK,107.29,19.0
E03,2025-04-29,Pau,Q1,K1H,K1H_Athlete_05,96.74,0,OK,96.74,2.0
E03,2025-04-29,Pau,Q1,K1H,K1H_Athlete_06,98.41,0,OK,98.41,4.0
E03,2025-04-29,Pau,Q1,K1H,K1H_Athlete_07,98.9,2,OK,100.9,11.0
E03,2025-04-29,Pau,Q1,K1H,K1H_Athlete_08,99.08,0,OK,99.08,6.0
E03,2025-04-29,Pau,Q1,K1H,K1H_Athlete_09,100.29,2,OK,102.29,17.0
E03,2025-04-29,Pau,Q1,K1H,K1H_Athlete_10,99.4,0,OK,99.4,7.0
E03,2025-04-29,Pau,Q1,K1H,K1H_Athlete_11,101.7,0,OK,101.7,15.0
E03,2025-04-29,Pau,Q1,K1H,K1H_Athlete_12,100.0,0,OK,100.0,9.0
E03,2025-04-29,Pau,Q1,K1H,K1H_Athlete_13,101.03,0,OK,101.03,13.0
E03,2025-04-29,Pau,Q1,K1H,K1H_Athlete_14,100.92,0,OK,100.92,12.0
E03,2025-04-29,Pau,Q1,K1H,K1H_Athlete_15,101.35,0,DSQ,,
E03,2025-04-29,Pau,Q1,K1H,K1H_Athlete_16,99.05,4,OK,103.05,18.0
E03,2025-04-29,Pau,Q1,K1H,K1H_Athlete_17,99.42,0,OK,99.42,8.0
E03,2025-04-29,Pau,Q1,K1H,K1H_Athlete_18,98.65,0,OK,98.65,5.0
E03,2025-04-29,Pau,Q1,K1H,K1H_Athlete_19,101.65,0,OK,101.65,14.0
E03,2025-04-29,Pau,Q1,K1H,K1H_Athlete_20,100.66,0,OK,100.66,10.0
E03,2025-04-29,Pau,Q1,C1H,C1H_Athlete_01,93.46,2,OK,95.46,3.0
E03,2025-04-29,Pau,Q1,C1H,C1H_Athlete_02,92.34,4,OK,96.34,8.0
E03,2025-04-29,Pau,Q1,C1H,C1H_Athlete_03,91.51,6,OK,97.51,15.0
E03,2025-04-29,Pau,Q1,C1H,C1H_Athlete_04,95.03,0,OK,95.03,2.0
E03,2025-04-29,Pau,Q1,C1H,C1H_Athlete_05,95.96,0,OK,95.96,5.0
E03,2025-04-29,Pau,Q1,C1H,C1H_Athlete_06,96.24,0,OK,96.24,7.0
E03,2025-04-29,Pau,Q1,C1H,C1H_Athlete_07,95.25,2,OK,97.25,10.0
E03,2025-04-29,Pau,Q1,C1H,C1H_Athlete_08,98.22,0,OK,98.22,16.0
E03,2025-04-29,Pau,Q1,C1H,C1H_Athlete_09,95.39,2,OK,97.39,14.0
E03,2025-04-29,Pau,Q1,C1H,C1H_Athlete_10,95.3,2,OK,97.3,12.0
E03,2025-04-29,Pau,Q1,C1H,C1H_Athlete_11,95.75,0,OK,95.75,4.0
E03,2025-04-29,Pau,Q1,C1H,C1H_Athlete_12,97.36,0,OK,97.36,13.0
E03,2025-04-29,Pau,Q1,C1H,C1H_Athlete_13,95.97,0,OK,95.97,6.0
E03,2025-04-29,Pau,Q1,C1H,C1H_Athlete_14,96.77,0,OK,96.77,9.0
E03,2025-04-29,Pau,Q1,C1H,C1H_Athlete_15,93.84,0,OK,93.84,1.0
E03,2025-04-29,Pau,Q1,C1H,C1H_Athlete_16,95.28,2,OK,97.28,11.0
E03,2025-04-29,Pau,Q1,K1F,K1F_Athlete_01,104.75,0,OK,104.75,2.0
E03,2025-04-29,Pau,Q1,K1F,K1F_Athlete_02,105.74,2,DNF,,
E03,2025-04-29,Pau,Q1,K1F,K1F_Athlete_03,104.09,0,OK,104.09,1.0
E03,2025-04-29,Pau,Q1,K1F,K1F_Athlete_04,108.23,0,OK,108.23,7.0
E03,2025-04-29,Pau,Q1,K1F,K1F_Athlete_05,105.05,6,OK,111.05,11.0
E03,2025-04-29,Pau,Q1,K1F,K1F_Athlete_06,105.33,6,OK,111.33,12.0
E03,2025-04-29,Pau,Q1,K1F,K1F_Athlete_07,108.71,4,OK,112.71,13.0
E03,2025-04-29,Pau,Q1,K1F,K1F_Athlete_08,107.2,0,OK,107.2,4.0
E03,2025-04-29,Pau,Q1,K1F,K1F_Athlete_09,107.96,2,OK,109.96,10.0
E03,2025-04-29,Pau,Q1,K1F,K1F_Athlete_10,105.75,4,OK,109.75,9.0
E03,2025-04-29,Pau,Q1,K1F,K1F_Athlete_11,107.21,0,OK,107.21,5.0
E03,2025-04-29,Pau,Q1,K1F,K1F_Athlete_12,109.48,0,OK,109.48,8.0
E03,2025-04-29,Pau,Q1,K1F,K1F_Athlete_13,105.7,2,OK,107.7,6.0
E03,2025-04-29,Pau,Q1,K1F,K1F_Athlete_14,106.59,0,OK,106.59,3.0
E03,2025-04-29,Pau,Q1,C1F,C1F_Athlete_01,101.66,0,OK,101.66,3.0
E03,2025-04-29,Pau,Q1,C1F,C1F_Athlete_02,100.54,0,OK,100.54,2.0
E03,2025-04-29,Pau,Q1,C1F,C1F_Athlete_03,101.81,6,DSQ,,
E03,2025-04-29,Pau,Q1,C1F,C1F_Athlete_04,100.35,0,OK,100.35,1.0
E03,2025-04-29,Pau,Q1,C1F,C1F_Athlete_05,102.58,2,OK,104.58,7.0
E03,2025-04-29,Pau,Q1,C1F,C1F_Athlete_06,101.84,8,OK,109.84,11.0
E03,2025-04-29,Pau,Q1,C1F,C1F_Athlete_07,104.01,0,OK,104.01,6.0
E03,2025-04-29,Pau,Q1,C1F,C1F_Athlete_08,104.83,2,OK,106.83,9.0
E03,2025-04-29,Pau,Q1,C1F,C1F_Athlete_09,104.33,4,OK,108.33,10.0
E03,2025-04-29,Pau,Q1,C1F,C1F_Athlete_10,101.16,2,OK,103.16,5.0
E03,2025-04-29,Pau,Q1,C1F,C1F_Athlete_11,102.33,0,OK,102.33,4.0
E03,2025-04-29,Pau,Q1,C1F,C1F_Athlete_12,104.82,0,OK,104.82,8.0
E03,2025-04-29,Pau,Q2,K1H,K1H_Athlete_01,98.87,6,OK,104.87,18.0
E03,2025-04-29,Pau,Q2,K1H,K1H_Athlete_02,98.62,0,OK,98.62,3.0
E03,2025-04-29,Pau,Q2,K1H,K1H_Athlete_03,99.0,2,DNF,,
E03,2025-04-29,Pau,Q2,K1H,K1H_Athlete_04,101.06,0,OK,101.06,9.0
E03,2025-04-29,Pau,Q2,K1H,K1H_Athlete_05,97.18,0,OK,97.18,1.0
E03,2025-04-29,Pau,Q2,K1H,K1H_Athlete_06,98.12,4,OK,102.12,14.0
E03,2025-04-29,Pau,Q2,K1H,K1H_Athlete_07,100.12,8,DNF,,
E03,2025-04-29,Pau,Q2,K1H,K1H_Athlete_08,99.43,2,OK,101.43,10.0
E03,2025-04-29,Pau,Q2,K1H,K1H_Athlete_09,100.98,0,OK,100.98,8.0
E03,2025-04-29,Pau,Q2,K1H,K1H_Athlete_10,97.51,0,OK,97.51,2.0
E03,2025-04-29,Pau,Q2,K1H,K1H_Athlete_11,102.1,0,OK,102.1,13.0
E03,2025-04-29,Pau,Q2,K1H,K1H_Athlete_12,100.85,0,OK,100.85,7.0
E03,2025-04-29,Pau,Q2,K1H,K1H_Athlete_13,100.6,0,OK,100.6,5.0
E03,2025-04-29,Pau,Q2,K1H,K1H_Athlete_14,100.63,0,OK,100.63,6.0
E03,2025-04-29,Pau,Q2,K1H,K1H_Athlete_15,101.98,0,OK,101.98,12.0
E03,2025-04-29,Pau,Q2,K1H,K1H_Athlete_16,100.18,2,OK,102.18,15.0
E03,2025-04-29,Pau,Q2,K1H,K1H_Athlete_17,101.52,0,OK,101.52,11.0
E03,2025-04-29,Pau,Q2,K1H,K1H_Athlete_18,97.57,6,OK,103.57,16.0
E03,2025-04-29,Pau,Q2,K1H,K1H_Athlete_19,102.07,2,OK,104.07,17.0
E03,2025-04-29,Pau,Q2,K1H,K1H_Athlete_20,100.48,0,OK,100.48,4.0
E03,2025-04-29,Pau,Q2,C1H,C1H_Athlete_01,94.08,0,OK,94.08,2.0
E03,2025-04-29,Pau,Q2,C1H,C1H_Athlete_02,94.07,6,DNF,,
E03,2025-04-29,Pau,Q2,C1H,C1H_Athlete_03,91.76,0,OK,91.76,1.0
E03,2025-04-29,Pau,Q2,C1H,C1H_Athlete_04,98.11,0,OK,98.11,14.0
E03,2025-04-29,Pau,Q2,C1H,C1H_Athlete_05,96.78,0,OK,96.78,9.0
E03,2025-04-29,Pau,Q2,C1H,C1H_Athlete_06,96.82,0,OK,96.82,10.0
E03,2025-04-29,Pau,Q2,C1H,C1H_Athlete_07,95.99,0,OK,95.99,6.0
E03,2025-04-29,Pau,Q2,C1H,C1H_Athlete_08,98.0,0,OK,98.0,12.0
E03,2025-04-29,Pau,Q2,C1H,C1H_Athlete_09,94.69,10,OK,104.69,15.0
E03,2025-04-29,Pau,Q2,C1H,C1H_Athlete_10,95.09,0,OK,95.09,3.0
E03,2025-04-29,Pau,Q2,C1H,C1H_Athlete_11,95.61,0,OK,95.61,5.0
E03,2025-04-29,Pau,Q2,C1H,C1H_Athlete_12,96.37,0,OK,96.37,8.0
E03,2025-04-29,Pau,Q2,C1H,C1H_Athlete_13,96.05,0,OK,96.05,7.0
E03,2025-04-29,Pau,Q2,C1H,C1H_Athlete_14,96.0,2,OK,98.0,12.0
E03,2025-04-29,Pau,Q2,C1H,C1H_Athlete_15,95.14,0,OK,95.14,4.0
E03,2025-04-29,Pau,Q2,C1H,C1H_Athlete_16,94.92,2,OK,96.92,11.0
E03,2025-04-29,Pau,Q2,K1F,K1F_Athlete_01,102.64,0,OK,102.64,1.0
E03,2025-04-29,Pau,Q2,K1F,K1F_Athlete_02,104.64,0,OK,104.64,3.0
E03,2025-04-29,Pau,Q2,K1F,K1F_Athlete_03,104.7,6,OK,110.7,14.0
E03,2025-04-29,Pau,Q2,K1F,K1F_Athlete_04,108.05,0,OK,108.05,9.0
E03,2025-04-29,Pau,Q2,K1F,K1F_Athlete_05,107.04,0,OK,107.04,7.0
E03,2025-04-29,Pau,Q2,K1F,K1F_Athlete_06,105.98,0,OK,105.98,4.0
E03,2025-04-29,Pau,Q2,K1F,K1F_Athlete_07,106.76,0,OK,106.76,6.0
E03,2025-04-29,Pau,Q2,K1F,K1F_Athlete_08,105.86,4,OK,109.86,13.0
E03,2025-04-29,Pau,Q2,K1F,K1F_Athlete_09,106.15,2,OK,108.15,10.0
E03,2025-04-29,Pau,Q2,K1F,K1F_Athlete_10,107.04,2,OK,109.04,12.0
E03,2025-04-29,Pau,Q2,K1F,K1F_Athlete_11,108.24,0,OK,108.24,11.0
E03,2025-04-29,Pau,Q2,K1F,K1F_Athlete_12,107.66,0,OK,107.66,8.0
E03,2025-04-29,Pau,Q2,K1F,K1F_Athlete_13,102.93,0,OK,102.93,2.0
E03,2025-04-29,Pau,Q2,K1F,K1F_Athlete_14,106.27,0,OK,106.27,5.0
E03,2025-04-29,Pau,Q2,C1F,C1F_Athlete_01,103.3,2,OK,105.3,5.0
E03,2025-04-29,Pau,Q2,C1F,C1F_Athlete_02,99.28,6,OK,105.28,4.0
E03,2025-04-29,Pau,Q2,C1F,C1F_Athlete_03,102.94,0,OK,102.94,3.0
E03,2025-04-29,Pau,Q2,C1F,C1F_Athlete_04,98.96,2,OK,100.96,2.0
E03,2025-04-29,Pau,Q2,C1F,C1F_Athlete_05,102.57,4,OK,106.57,8.0
E03,2025-04-29,Pau,Q2,C1F,C1F_Athlete_06,105.05,10,OK,115.05,11.0
E03,2025-04-29,Pau,Q2,C1F,C1F_Athlete_07,103.92,2,OK,105.92,7.0
E03,2025-04-29,Pau,Q2,C1F,C1F_Athlete_08,104.03,4,OK,108.03,9.0
E03,2025-04-29,Pau,Q2,C1F,C1F_Athlete_09,104.56,4,OK,108.56,10.0
E03,2025-04-29,Pau,Q2,C1F,C1F_Athlete_10,103.39,2,OK,105.39,6.0
E03,2025-04-29,Pau,Q2,C1F,C1F_Athlete_11,100.64,0,OK,100.64,1.0
E03,2025-04-29,Pau,Q2,C1F,C1F_Athlete_12,102.64,0,DSQ,,
E03,2025-04-29,Pau,Final,K1H,K1H_Athlete_01,98.59,0,OK,98.59,6.0
E03,2025-04-29,Pau,Final,K1H,K1H_Athlete_02,95.66,4,OK,99.66,12.0
E03,2025-04-29,Pau,Final,K1H,K1H_Athlete_03,98.34,0,OK,98.34,2.0
E03,2025-04-29,Pau,Final,K1H,K1H_Athlete_04,100.61,2,OK,102.61,16.0
E03,2025-04-29,Pau,Final,K1H,K1H_Athlete_05,96.54,2,OK,98.54,4.0
E03,2025-04-29,Pau,Final,K1H,K1H_Athlete_06,98.71,0,OK,98.71,7.0
E03,2025-04-29,Pau,Final,K1H,K1H_Athlete_07,99.13,0,OK,99.13,10.0
E03,2025-04-29,Pau,Final,K1H,K1H_Athlete_08,97.16,6,OK,103.16,18.0
E03,2025-04-29,Pau,Final,K1H,K1H_Athlete_09,98.43,0,OK,98.43,3.0
E03,2025-04-29,Pau,Final,K1H,K1H_Athlete_10,98.56,0,OK,98.56,5.0
E03,2025-04-29,Pau,Final,K1H,K1H_Athlete_11,100.67,0,OK,100.67,14.0
E03,2025-04-29,Pau,Final,K1H,K1H_Athlete_12,98.78,0,OK,98.78,8.0
E03,2025-04-29,Pau,Final,K1H,K1H_Athlete_13,98.61,2,OK,100.61,13.0
E03,2025-04-29,Pau,Final,K1H,K1H_Athlete_14,100.12,2,OK,102.12,15.0
E03,2025-04-29,Pau,Final,K1H,K1H_Athlete_15,99.45,0,OK,99.45,11.0
E03,2025-04-29,Pau,Final,K1H,K1H_Athlete_16,96.82,4,DNF,,
E03,2025-04-29,Pau,Final,K1H,K1H_Athlete_17,99.09,0,OK,99.09,9.0
E03,2025-04-29,Pau,Final,K1H,K1H_Athlete_18,97.27,0,OK,97.27,1.0
E03,2025-04-29,Pau,Final,K1H,K1H_Athlete_19,101.01,2,OK,103.01,17.0
E03,2025-04-29,Pau,Final,K1H,K1H_Athlete_20,99.84,10,OK,109.84,19.0
E03,2025-04-29,Pau,Final,C1H,C1H_Athlete_01,91.03,0,OK,91.03,1.0
E03,2025-04-29,Pau,Final,C1H,C1H_Athlete_02,91.83,0,OK,91.83,2.0
E03,2025-04-29,Pau,Final,C1H,C1H_Athlete_03,92.59,4,OK,96.59,10.0
E03,2025-04-29,Pau,Final,C1H,C1H_Athlete_04,96.28,0,OK,96.28,9.0
E03,2025-04-29,Pau,Final,C1H,C1H_Athlete_05,93.65,0,OK,93.65,4.0
E03,2025-04-29,Pau,Final,C1H,C1H_Athlete_06,94.71,0,OK,94.71,7.0
E03,2025-04-29,Pau,Final,C1H,C1H_Athlete_07,96.24,2,OK,98.24,14.0
E03,2025-04-29,Pau,Final,C1H,C1H_Athlete_08,97.69,2,OK,99.69,16.0
E03,2025-04-29,Pau,Final,C1H,C1H_Athlete_09,94.1,0,OK,94.1,5.0
E03,2025-04-29,Pau,Final,C1H,C1H_Athlete_10,93.59,4,OK,97.59,13.0
E03,2025-04-29,Pau,Final,C1H,C1H_Athlete_11,93.05,4,OK,97.05,11.0
E03,2025-04-29,Pau,Final,C1H,C1H_Athlete_12,95.51,4,OK,99.51,15.0
E03,2025-04-29,Pau,Final,C1H,C1H_Athlete_13,95.69,0,OK,95.69,8.0
E03,2025-04-29,Pau,Final,C1H,C1H_Athlete_14,94.27,0,OK,94.27,6.0
E03,2025-04-29,Pau,Final,C1H,C1H_Athlete_15,93.43,4,OK,97.43,12.0
E03,2025-04-29,Pau,Final,C1H,C1H_Athlete_16,92.77,0,OK,92.77,3.0
E03,2025-04-29,Pau,Final,K1F,K1F_Athlete_01,102.12,8,OK,110.12,12.0
E03,2025-04-29,Pau,Final,K1F,K1F_Athlete_02,105.39,0,OK,105.39,2.0
E03,2025-04-29,Pau,Final,K1F,K1F_Athlete_03,103.06,2,OK,105.06,1.0
E03,2025-04-29,Pau,Final,K1F,K1F_Athlete_04,105.46,0,OK,105.46,3.0
E03,2025-04-29,Pau,Final,K1F,K1F_Athlete_05,105.48,8,OK,113.48,14.0
E03,2025-04-29,Pau,Final,K1F,K1F_Athlete_06,107.22,0,OK,107.22,8.0
E03,2025-04-29,Pau,Final,K1F,K1F_Athlete_07,107.4,0,OK,107.4,9.0
E03,2025-04-29,Pau,Final,K1F,K1F_Athlete_08,105.73,4,OK,109.73,11.0
E03,2025-04-29,Pau,Final,K1F,K1F_Athlete_09,106.46,0,OK,106.46,5.0
E03,2025-04-29,Pau,Final,K1F,K1F_Athlete_10,104.46,2,OK,106.46,5.0
E03,2025-04-29,Pau,Final,K1F,K1F_Athlete_11,106.51,0,OK,106.51,7.0
E03,2025-04-29,Pau,Final,K1F,K1F_Athlete_12,105.02,8,OK,113.02,13.0
E03,2025-04-29,Pau,Final,K1F,K1F_Athlete_13,104.57,4,OK,108.57,10.0
E03,2025-04-29,Pau,Final,K1F,K1F_Athlete_14,105.49,0,OK,105.49,4.0
E03,2025-04-29,Pau,Final,C1F,C1F_Athlete_01,101.84,6,OK,107.84,10.0
E03,2025-04-29,Pau,Final,C1F,C1F_Athlete_02,99.22,2,OK,101.22,3.0
E03,2025-04-29,Pau,Final,C1F,C1F_Athlete_03,100.98,2,DNF,,
E03,2025-04-29,Pau,Final,C1F,C1F_Athlete_04,98.41,2,OK,100.41,2.0
E03,2025-04-29,Pau,Final,C1F,C1F_Athlete_05,100.33,0,OK,100.33,1.0
E03,2025-04-29,Pau,Final,C1F,C1F_Athlete_06,101.74,0,OK,101.74,5.0
E03,2025-04-29,Pau,Final,C1F,C1F_Athlete_07,101.65,0,OK,101.65,4.0
E03,2025-04-29,Pau,Final,C1F,C1F_Athlete_08,103.3,2,OK,105.3,8.0
E03,2025-04-29,Pau,Final,C1F,C1F_Athlete_09,102.62,0,OK,102.62,7.0
E03,2025-04-29,Pau,Final,C1F,C1F_Athlete_10,103.69,4,OK,107.69,9.0
E03,2025-04-29,Pau,Final,C1F,C1F_Athlete_11,99.84,2,OK,101.84,6.0
E03,2025-04-29,Pau,Final,C1F,C1F_Athlete_12,103.31,0,DSQ,,
E04,2025-05-13,Cesson-Sévigné,Q1,K1H,K1H_Athlete_01,103.84,4,OK,107.84,16.0
E04,2025-05-13,Cesson-Sévigné,Q1,K1H,K1H_Athlete_02,101.58,0,OK,101.58,1.0
E04,2025-05-13,Cesson-Sévigné,Q1,K1H,K1H_Athlete_03,103.64,2,OK,105.64,5.0
E04,2025-05-13,Cesson-Sévigné,Q1,K1H,K1H_Athlete_04,107.0,0,OK,107.0,13.0
E04,2025-05-13,Cesson-Sévigné,Q1,K1H,K1H_Athlete_05,103.21,0,OK,103.21,2.0
E04,2025-05-13,Cesson-Sévigné,Q1,K1H,K1H_Athlete_06,103.93,2,OK,105.93,7.0
E04,2025-05-13,Cesson-Sévigné,Q1,K1H,K1H_Athlete_07,105.85,4,OK,109.85,20.0
E04,2025-05-13,Cesson-Sévigné,Q1,K1H,K1H_Athlete_08,105.1,0,OK,105.1,4.0
E04,2025-05-13,Cesson-Sévigné,Q1,K1H,K1H_Athlete_09,104.39,2,OK,106.39,10.0
E04,2025-05-13,Cesson-Sévigné,Q1,K1H,K1H_Athlete_10,104.13,0,OK,104.13,3.0
E04,2025-05-13,Cesson-Sévigné,Q1,K1H,K1H_Athlete_11,107.67,2,OK,109.67,19.0
E04,2025-05-13,Cesson-Sévigné,Q1,K1H,K1H_Athlete_12,105.49,2,OK,107.49,14.0
E04,2025-05-13,Cesson-Sévigné,Q1,K1H,K1H_Athlete_13,105.62,2,OK,107.62,15.0
E04,2025-05-13,Cesson-Sévigné,Q1,K1H,K1H_Athlete_14,106.44,2,OK,108.44,17.0
E04,2025-05-13,Cesson-Sévigné,Q1,K1H,K1H_Athlete_15,106.42,0,OK,106.42,11.0
E04,2025-05-13,Cesson-Sévigné,Q1,K1H,K1H_Athlete_16,104.24,2,OK,106.24,8.0
E04,2025-05-13,Cesson-Sévigné,Q1,K1H,K1H_Athlete_17,107.52,2,OK,109.52,18.0
E04,2025-05-13,Cesson-Sévigné,Q1,K1H,K1H_Athlete_18,104.92,2,OK,106.92,12.0
E04,2025-05-13,Cesson-Sévigné,Q1,K1H,K1H_Athlete_19,105.67,0,OK,105.67,6.0
E04,2025-05-13,Cesson-Sévigné,Q1,K1H,K1H_Athlete_20,106.25,0,OK,106.25,9.0
E04,2025-05-13,Cesson-Sévigné,Q1,C1H,C1H_Athlete_01,97.33,0,OK,97.33,1.0
E04,2025-05-13,Cesson-Sévigné,Q1,C1H,C1H_Athlete_02,98.72,2,DSQ,,
E04,2025-05-13,Cesson-Sévigné,Q1,C1H,C1H_Athlete_03,98.88,0,DSQ,,
E04,2025-05-13,Cesson-Sévigné,Q1,C1H,C1H_Athlete_04,102.36,2,OK,104.36,10.0
E04,2025-05-13,Cesson-Sévigné,Q1,C1H,C1H_Athlete_05,99.72,0,OK,99.72,4.0
E04,2025-05-13,Cesson-Sévigné,Q1,C1H,C1H_Athlete_06,101.48,2,OK,103.48,9.0
E04,2025-05-13,Cesson-Sévigné,Q1,C1H,C1H_Athlete_07,102.15,0,OK,102.15,6.0
E04,2025-05-13,Cesson-Sévigné,Q1,C1H,C1H_Athlete_08,101.97,4,OK,105.97,11.0
E04,2025-05-13,Cesson-Sévigné,Q1,C1H,C1H_Athlete_09,100.14,0,OK,100.14,5.0
E04,2025-05-13,Cesson-Sévigné,Q1,C1H,C1H_Athlete_10,100.25,2,OK,102.25,7.0
E04,2025-05-13,Cesson-Sévigné,Q1,C1H,C1H_Athlete_11,99.35,4,OK,103.35,8.0
E04,2025-05-13,Cesson-Sévigné,Q1,C1H,C1H_Athlete_12,99.81,10,OK,109.81,12.0
E04,2025-05-13,Cesson-Sévigné,Q1,C1H,C1H_Athlete_13,101.85,0,DSQ,,
E04,2025-05-13,Cesson-Sévigné,Q1,C1H,C1H_Athlete_14,100.23,0,DSQ,,
E04,2025-05-13,Cesson-Sévigné,Q1,C1H,C1H_Athlete_15,99.45,0,OK,99.45,3.0
E04,2025-05-13,Cesson-Sévigné,Q1,C1H,C1H_Athlete_16,99.1,0,OK,99.1,2.0
E04,2025-05-13,Cesson-Sévigné,Q1,K1F,K1F_Athlete_01,109.25,0,OK,109.25,1.0
E04,2025-05-13,Cesson-Sévigné,Q1,K1F,K1F_Athlete_02,110.3,2,OK,112.3,3.0
E04,2025-05-13,Cesson-Sévigné,Q1,K1F,K1F_Athlete_03,110.56,2,OK,112.56,5.0
E04,2025-05-13,Cesson-Sévigné,Q1,K1F,K1F_Athlete_04,113.58,0,OK,113.58,10.0
E04,2025-05-13,Cesson-Sévigné,Q1,K1F,K1F_Athlete_05,112.99,0,OK,112.99,7.0
E04,2025-05-13,Cesson-Sévigné,Q1,K1F,K1F_Athlete_06,113.24,0,OK,113.24,8.0
E04,2025-05-13,Cesson-Sévigné,Q1,K1F,K1F_Athlete_07,113.66,2,OK,115.66,14.0
E04,2025-05-13,Cesson-Sévigné,Q1,K1F,K1F_Athlete_08,114.38,0,OK,114.38,12.0
E04,2025-05-13,Cesson-Sévigné,Q1,K1F,K1F_Athlete_09,112.83,0,OK,112.83,6.0
E04,2025-05-13,Cesson-Sévigné,Q1,K1F,K1F_Athlete_10,112.31,0,OK,112.31,4.0
E04,2025-05-13,Cesson-Sévigné,Q1,K1F,K1F_Athlete_11,113.14,2,OK,115.14,13.0
E04,2025-05-13,Cesson-Sévigné,Q1,K1F,K1F_Athlete_12,114.37,0,OK,114.37,11.0
E04,2025-05-13,Cesson-Sévigné,Q1,K1F,K1F_Athlete_13,109.51,4,OK,113.51,9.0
E04,2025-05-13,Cesson-Sévigné,Q1,K1F,K1F_Athlete_14,111.16,0,OK,111.16,2.0
E04,2025-05-13,Cesson-Sévigné,Q1,C1F,C1F_Athlete_01,107.61,2,OK,109.61,7.0
E04,2025-05-13,Cesson-Sévigné,Q1,C1F,C1F_Athlete_02,104.2,2,OK,106.2,1.0
E04,2025-05-13,Cesson-Sévigné,Q1,C1F,C1F_Athlete_03,106.54,2,OK,108.54,5.0
E04,2025-05-13,Cesson-Sévigné,Q1,C1F,C1F_Athlete_04,107.2,2,OK,109.2,6.0
E04,2025-05-13,Cesson-Sévigné,Q1,C1F,C1F_Athlete_05,109.92,2,OK,111.92,10.0
E04,2025-05-13,Cesson-Sévigné,Q1,C1F,C1F_Athlete_06,110.22,0,OK,110.22,8.0
E04,2025-05-13,Cesson-Sévigné,Q1,C1F,C1F_Athlete_07,108.03,0,OK,108.03,3.0
E04,2025-05-13,Cesson-Sévigné,Q1,C1F,C1F_Athlete_08,110.31,2,OK,112.31,11.0
E04,2025-05-13,Cesson-Sévigné,Q1,C1F,C1F_Athlete_09,111.04,0,OK,111.04,9.0
E04,2025-05-13,Cesson-Sévigné,Q1,C1F,C1F_Athlete_10,107.86,0,OK,107.86,2.0
E04,2025-05-13,Cesson-Sévigné,Q1,C1F,C1F_Athlete_11,108.22,0,OK,108.22,4.0
E04,2025-05-13,Cesson-Sévigné,Q1,C1F,C1F_Athlete_12,108.04,0,DNF,,
E04,2025-05-13,Cesson-Sévigné,Q2,K1H,K1H_Athlete_01,104.15,0,OK,104.15,3.0
E04,2025-05-13,Cesson-Sévigné,Q2,K1H,K1H_Athlete_02,101.72,0,OK,101.72,1.0
E04,2025-05-13,Cesson-Sévigné,Q2,K1H,K1H_Athlete_03,104.57,0,OK,104.57,6.0
E04,2025-05-13,Cesson-Sévigné,Q2,K1H,K1H_Athlete_04,107.43,6,OK,113.43,19.0
E04,2025-05-13,Cesson-Sévigné,Q2,K1H,K1H_Athlete_05,100.55,2,OK,102.55,2.0
E04,2025-05-13,Cesson-Sévigné,Q2,K1H,K1H_Athlete_06,105.09,0,OK,105.09,8.0
E04,2025-05-13,Cesson-Sévigné,Q2,K1H,K1H_Athlete_07,103.13,4,OK,107.13,14.0
E04,2025-05-13,Cesson-Sévigné,Q2,K1H,K1H_Athlete_08,104.74,0,OK,104.74,7.0
E04,2025-05-13,Cesson-Sévigné,Q2,K1H,K1H_Athlete_09,106.61,4,OK,110.61,18.0
E04,2025-05-13,Cesson-Sévigné,Q2,K1H,K1H_Athlete_10,104.31,0,OK,104.31,4.0
E04,2025-05-13,Cesson-Sévigné,Q2,K1H,K1H_Athlete_11,105.53,2,OK,107.53,16.0
E04,2025-05-13,Cesson-Sévigné,Q2,K1H,K1H_Athlete_12,105.73,4,OK,109.73,17.0
E04,2025-05-13,Cesson-Sévigné,Q2,K1H,K1H_Athlete_13,106.72,0,OK,106.72,13.0
E04,2025-05-13,Cesson-Sévigné,Q2,K1H,K1H_Athlete_14,105.44,2,OK,107.44,15.0
E04,2025-05-13,Cesson-Sévigné,Q2,K1H,K1H_Athlete_15,107.33,8,OK,115.33,20.0
E04,2025-05-13,Cesson-Sévigné,Q2,K1H,K1H_Athlete_16,104.54,0,OK,104.54,5.0
E04,2025-05-13,Cesson-Sévigné,Q2,K1H,K1H_Athlete_17,105.11,0,OK,105.11,9.0
E04,2025-05-13,Cesson-Sévigné,Q2,K1H,K1H_Athlete_18,103.94,2,OK,105.94,11.0
E04,2025-05-13,Cesson-Sévigné,Q2,K1H,K1H_Athlete_19,105.93,0,OK,105.93,10.0
E04,2025-05-13,Cesson-Sévigné,Q2,K1H,K1H_Athlete_20,106.42,0,OK,106.42,12.0
E04,2025-05-13,Cesson-Sévigné,Q2,C1H,C1H_Athlete_01,98.93,0,OK,98.93,4.0
E04,2025-05-13,Cesson-Sévigné,Q2,C1H,C1H_Athlete_02,97.89,0,OK,97.89,2.0
E04,2025-05-13,Cesson-Sévigné,Q2,C1H,C1H_Athlete_03,97.51,0,OK,97.51,1.0
E04,2025-05-13,Cesson-Sévigné,Q2,C1H,C1H_Athlete_04,101.46,0,OK,101.46,5.0
E04,2025-05-13,Cesson-Sévigné,Q2,C1H,C1H_Athlete_05,102.68,0,DSQ,,
E04,2025-05-13,Cesson-Sévigné,Q2,C1H,C1H_Athlete_06,100.0,2,OK,102.0,7.0
E04,2025-05-13,Cesson-Sévigné,Q2,C1H,C1H_Athlete_07,101.93,6,OK,107.93,14.0
E04,2025-05-13,Cesson-Sévigné,Q2,C1H,C1H_Athlete_08,101.75,0,OK,101.75,6.0
E04,2025-05-13,Cesson-Sévigné,Q2,C1H,C1H_Athlete_09,100.34,2,OK,102.34,8.0
E04,2025-05-13,Cesson-Sévigné,Q2,C1H,C1H_Athlete_10,101.43,2,OK,103.43,9.0
E04,2025-05-13,Cesson-Sévigné,Q2,C1H,C1H_Athlete_11,100.06,0,DNF,,
E04,2025-05-13,Cesson-Sévigné,Q2,C1H,C1H_Athlete_12,101.63,2,OK,103.63,10.0
E04,2025-05-13,Cesson-Sévigné,Q2,C1H,C1H_Athlete_13,101.64,2,OK,103.64,11.0
E04,2025-05-13,Cesson-Sévigné,Q2,C1H,C1H_Athlete_14,100.55,4,OK,104.55,12.0
E04,2025-05-13,Cesson-Sévigné,Q2,C1H,C1H_Athlete_15,99.36,8,OK,107.36,13.0
E04,2025-05-13,Cesson-Sévigné,Q2,C1H,C1H_Athlete_16,98.89,0,OK,98.89,3.0
E04,2025-05-13,Cesson-Sévigné,Q2,K1F,K1F_Athlete_01,109.17,8,OK,117.17,14.0
E04,2025-05-13,Cesson-Sévigné,Q2,K1F,K1F_Athlete_02,110.72,0,OK,110.72,2.0
E04,2025-05-13,Cesson-Sévigné,Q2,K1F,K1F_Athlete_03,110.71,0,OK,110.71,1.0
E04,2025-05-13,Cesson-Sévigné,Q2,K1F,K1F_Athlete_04,113.49,0,OK,113.49,10.0
E04,2025-05-13,Cesson-Sévigné,Q2,K1F,K1F_Athlete_05,112.92,0,OK,112.92,7.0
E04,2025-05-13,Cesson-Sévigné,Q2,K1F,K1F_Athlete_06,112.33,0,OK,112.33,6.0
E04,2025-05-13,Cesson-Sévigné,Q2,K1F,K1F_Athlete_07,114.0,2,OK,116.0,13.0
E04,2025-05-13,Cesson-Sévigné,Q2,K1F,K1F_Athlete_08,112.98,0,OK,112.98,8.0
E04,2025-05-13,Cesson-Sévigné,Q2,K1F,K1F_Athlete_09,112.44,2,OK,114.44,12.0
E04,2025-05-13,Cesson-Sévigné,Q2,K1F,K1F_Athlete_10,111.52,0,OK,111.52,4.0
E04,2025-05-13,Cesson-Sévigné,Q2,K1F,K1F_Athlete_11,113.64,0,OK,113.64,11.0
E04,2025-05-13,Cesson-Sévigné,Q2,K1F,K1F_Athlete_12,111.23,0,OK,111.23,3.0
E04,2025-05-13,Cesson-Sévigné,Q2,K1F,K1F_Athlete_13,111.05,2,OK,113.05,9.0
E04,2025-05-13,Cesson-Sévigné,Q2,K1F,K1F_Athlete_14,111.91,0,OK,111.91,5.0
E04,2025-05-13,Cesson-Sévigné,Q2,C1F,C1F_Athlete_01,107.06,0,OK,107.06,3.0
E04,2025-05-13,Cesson-Sévigné,Q2,C1F,C1F_Athlete_02,104.61,0,OK,104.61,1.0
E04,2025-05-13,Cesson-Sévigné,Q2,C1F,C1F_Athlete_03,107.2,0,OK,107.2,4.0
E04,2025-05-13,Cesson-Sévigné,Q2,C1F,C1F_Athlete_04,105.24,0,OK,105.24,2.0
E04,2025-05-13,Cesson-Sévigné,Q2,C1F,C1F_Athlete_05,109.84,0,DSQ,,
E04,2025-05-13,Cesson-Sévigné,Q2,C1F,C1F_Athlete_06,109.19,0,OK,109.19,7.0
E04,2025-05-13,Cesson-Sévigné,Q2,C1F,C1F_Athlete_07,109.83,0,OK,109.83,10.0
E04,2025-05-13,Cesson-Sévigné,Q2,C1F,C1F_Athlete_08,109.37,0,OK,109.37,8.0
E04,2025-05-13,Cesson-Sévigné,Q2,C1F,C1F_Athlete_09,109.6,0,OK,109.6,9.0
E04,2025-05-13,Cesson-Sévigné,Q2,C1F,C1F_Athlete_10,109.14,0,OK,109.14,6.0
E04,2025-05-13,Cesson-Sévigné,Q2,C1F,C1F_Athlete_11,108.1,0,OK,108.1,5.0
E04,2025-05-13,Cesson-Sévigné,Q2,C1F,C1F_Athlete_12,110.32,0,OK,110.32,11.0
E04,2025-05-13,Cesson-Sévigné,Final,K1H,K1H_Athlete_01,102.82,0,OK,102.82,3.0
E04,2025-05-13,Cesson-Sévigné,Final,K1H,K1H_Athlete_02,102.11,0,DNF,,
E04,2025-05-13,Cesson-Sévigné,Final,K1H,K1H_Athlete_03,103.14,0,OK,103.14,4.0
E04,2025-05-13,Cesson-Sévigné,Final,K1H,K1H_Athlete_04,106.58,0,OK,106.58,16.0
E04,2025-05-13,Cesson-Sévigné,Final,K1H,K1H_Athlete_05,102.9,4,OK,106.9,17.0
E04,2025-05-13,Cesson-Sévigné,Final,K1H,K1H_Athlete_06,102.23,0,OK,102.23,2.0
E04,2025-05-13,Cesson-Sévigné,Final,K1H,K1H_Athlete_07,103.19,4,OK,107.19,18.0
E04,2025-05-13,Cesson-Sévigné,Final,K1H,K1H_Athlete_08,105.63,0,OK,105.63,11.0
E04,2025-05-13,Cesson-Sévigné,Final,K1H,K1H_Athlete_09,104.86,0,OK,104.86,8.0
E04,2025-05-13,Cesson-Sévigné,Final,K1H,K1H_Athlete_10,102.0,0,OK,102.0,1.0
E04,2025-05-13,Cesson-Sévigné,Final,K1H,K1H_Athlete_11,105.15,0,OK,105.15,9.0
E04,2025-05-13,Cesson-Sévigné,Final,K1H,K1H_Athlete_12,106.36,0,OK,106.36,14.0
E04,2025-05-13,Cesson-Sévigné,Final,K1H,K1H_Athlete_13,104.48,0,OK,104.48,6.0
E04,2025-05-13,Cesson-Sévigné,Final,K1H,K1H_Athlete_14,105.66,0,OK,105.66,12.0
E04,2025-05-13,Cesson-Sévigné,Final,K1H,K1H_Athlete_15,106.52,0,OK,106.52,15.0
E04,2025-05-13,Cesson-Sévigné,Final,K1H,K1H_Athlete_16,102.59,2,OK,104.59,7.0
E04,2025-05-13,Cesson-Sévigné,Final,K1H,K1H_Athlete_17,104.41,0,OK,104.41,5.0
E04,2025-05-13,Cesson-Sévigné,Final,K1H,K1H_Athlete_18,103.59,2,OK,105.59,10.0
E04,2025-05-13,Cesson-Sévigné,Final,K1H,K1H_Athlete_19,106.14,0,OK,106.14,13.0
E04,2025-05-13,Cesson-Sévigné,Final,K1H,K1H_Athlete_20,105.03,6,OK,111.03,19.0
E04,2025-05-13,Cesson-Sévigné,Final,C1H,C1H_Athlete_01,96.45,6,OK,102.45,12.0
E04,2025-05-13,Cesson-Sévigné,Final,C1H,C1H_Athlete_02,96.13,0,OK,96.13,1.0
E04,2025-05-13,Cesson-Sévigné,Final,C1H,C1H_Athlete_03,96.99,0,OK,96.99,2.0
E04,2025-05-13,Cesson-Sévigné,Final,C1H,C1H_Athlete_04,100.9,0,OK,100.9,8.0
E04,2025-05-13,Cesson-Sévigné,Final,C1H,C1H_Athlete_05,100.44,0,OK,100.44,6.0
E04,2025-05-13,Cesson-Sévigné,Final,C1H,C1H_Athlete_06,99.48,0,OK,99.48,4.0
E04,2025-05-13,Cesson-Sévigné,Final,C1H,C1H_Athlete_07,100.84,4,OK,104.84,16.0
E04,2025-05-13,Cesson-Sévigné,Final,C1H,C1H_Athlete_08,101.78,0,OK,101.78,11.0
E04,2025-05-13,Cesson-Sévigné,Final,C1H,C1H_Athlete_09,98.67,2,OK,100.67,7.0
E04,2025-05-13,Cesson-Sévigné,Final,C1H,C1H_Athlete_10,98.15,0,OK,98.15,3.0
E04,2025-05-13,Cesson-Sévigné,Final,C1H,C1H_Athlete_11,99.78,0,OK,99.78,5.0
E04,2025-05-13,Cesson-Sévigné,Final,C1H,C1H_Athlete_12,101.04,2,OK,103.04,14.0
E04,2025-05-13,Cesson-Sévigné,Final,C1H,C1H_Athlete_13,101.68,0,OK,101.68,10.0
E04,2025-05-13,Cesson-Sévigné,Final,C1H,C1H_Athlete_14,100.64,2,OK,102.64,13.0
E04,2025-05-13,Cesson-Sévigné,Final,C1H,C1H_Athlete_15,101.11,0,OK,101.11,9.0
E04,2025-05-13,Cesson-Sévigné,Final,C1H,C1H_Athlete_16,97.06,6,OK,103.06,15.0
E04,2025-05-13,Cesson-Sévigné,Final,K1F,K1F_Athlete_01,107.58,2,OK,109.58,1.0
E04,2025-05-13,Cesson-Sévigné,Final,K1F,K1F_Athlete_02,110.02,0,OK,110.02,2.0
E04,2025-05-13,Cesson-Sévigné,Final,K1F,K1F_Athlete_03,109.14,2,OK,111.14,3.0
E04,2025-05-13,Cesson-Sévigné,Final,K1F,K1F_Athlete_04,112.47,0,OK,112.47,4.0
E04,2025-05-13,Cesson-Sévigné,Final,K1F,K1F_Athlete_05,112.75,2,OK,114.75,9.0
E04,2025-05-13,Cesson-Sévigné,Final,K1F,K1F_Athlete_06,111.65,4,OK,115.65,12.0
E04,2025-05-13,Cesson-Sévigné,Final,K1F,K1F_Athlete_07,112.35,2,OK,114.35,8.0
E04,2025-05-13,Cesson-Sévigné,Final,K1F,K1F_Athlete_08,112.31,2,OK,114.31,7.0
E04,2025-05-13,Cesson-Sévigné,Final,K1F,K1F_Athlete_09,113.06,2,OK,115.06,10.0
E04,2025-05-13,Cesson-Sévigné,Final,K1F,K1F_Athlete_10,111.32,4,OK,115.32,11.0
E04,2025-05-13,Cesson-Sévigné,Final,K1F,K1F_Athlete_11,112.71,4,OK,116.71,13.0
E04,2025-05-13,Cesson-Sévigné,Final,K1F,K1F_Athlete_12,113.33,0,OK,113.33,6.0
E04,2025-05-13,Cesson-Sévigné,Final,K1F,K1F_Athlete_13,110.9,2,DNF,,
E04,2025-05-13,Cesson-Sévigné,Final,K1F,K1F_Athlete_14,112.81,0,OK,112.81,5.0
E04,2025-05-13,Cesson-Sévigné,Final,C1F,C1F_Athlete_01,106.35,0,OK,106.35,3.0
E04,2025-05-13,Cesson-Sévigné,Final,C1F,C1F_Athlete_02,104.92,0,OK,104.92,2.0
E04,2025-05-13,Cesson-Sévigné,Final,C1F,C1F_Athlete_03,107.54,0,OK,107.54,5.0
E04,2025-05-13,Cesson-Sévigné,Final,C1F,C1F_Athlete_04,104.89,0,OK,104.89,1.0
E04,2025-05-13,Cesson-Sévigné,Final,C1F,C1F_Athlete_05,105.78,2,OK,107.78,8.0
E04,2025-05-13,Cesson-Sévigné,Final,C1F,C1F_Athlete_06,107.18,4,OK,111.18,10.0
E04,2025-05-13,Cesson-Sévigné,Final,C1F,C1F_Athlete_07,108.35,10,OK,118.35,11.0
E04,2025-05-13,Cesson-Sévigné,Final,C1F,C1F_Athlete_08,109.61,0,OK,109.61,9.0
E04,2025-05-13,Cesson-Sévigné,Final,C1F,C1F_Athlete_09,107.74,0,OK,107.74,7.0
E04,2025-05-13,Cesson-Sévigné,Final,C1F,C1F_Athlete_10,107.11,0,DSQ,,
E04,2025-05-13,Cesson-Sévigné,Final,C1F,C1F_Athlete_11,107.65,0,OK,107.65,6.0
E04,2025-05-13,Cesson-Sévigné,Final,C1F,C1F_Athlete_12,106.61,0,OK,106.61,4.0
E05,2025-05-27,Vaires-sur-Marne,Q1,K1H,K1H_Athlete_01,92.88,0,OK,92.88,4.0
E05,2025-05-27,Vaires-sur-Marne,Q1,K1H,K1H_Athlete_02,90.46,4,OK,94.46,9.0
E05,2025-05-27,Vaires-sur-Marne,Q1,K1H,K1H_Athlete_03,93.13,0,OK,93.13,5.0
E05,2025-05-27,Vaires-sur-Marne,Q1,K1H,K1H_Athlete_04,95.2,0,OK,95.2,12.0
E05,2025-05-27,Vaires-sur-Marne,Q1,K1H,K1H_Athlete_05,91.6,0,OK,91.6,2.0
E05,2025-05-27,Vaires-sur-Marne,Q1,K1H,K1H_Athlete_06,92.36,2,OK,94.36,7.0
E05,2025-05-27,Vaires-sur-Marne,Q1,K1H,K1H_Athlete_07,94.52,0,OK,94.52,10.0
E05,2025-05-27,Vaires-sur-Marne,Q1,K1H,K1H_Athlete_08,95.36,0,OK,95.36,13.0
E05,2025-05-27,Vaires-sur-Marne,Q1,K1H,K1H_Athlete_09,94.58,8,OK,102.58,19.0
E05,2025-05-27,Vaires-sur-Marne,Q1,K1H,K1H_Athlete_10,91.19,0,OK,91.19,1.0
E05,2025-05-27,Vaires-sur-Marne,Q1,K1H,K1H_Athlete_11,95.27,4,OK,99.27,18.0
E05,2025-05-27,Vaires-sur-Marne,Q1,K1H,K1H_Athlete_12,95.76,0,OK,95.76,15.0
E05,2025-05-27,Vaires-sur-Marne,Q1,K1H,K1H_Athlete_13,94.89,0,OK,94.89,11.0
E05,2025-05-27,Vaires-sur-Marne,Q1,K1H,K1H_Athlete_14,94.81,4,OK,98.81,17.0
E05,2025-05-27,Vaires-sur-Marne,Q1,K1H,K1H_Athlete_15,95.38,2,OK,97.38,16.0
E05,2025-05-27,Vaires-sur-Marne,Q1,K1H,K1H_Athlete_16,93.44,2,OK,95.44,14.0
E05,2025-05-27,Vaires-sur-Marne,Q1,K1H,K1H_Athlete_17,96.52,0,DSQ,,
E05,2025-05-27,Vaires-sur-Marne,Q1,K1H,K1H_Athlete_18,91.8,0,OK,91.8,3.0
E05,2025-05-27,Vaires-sur-Marne,Q1,K1H,K1H_Athlete_19,94.41,0,OK,94.41,8.0
E05,2025-05-27,Vaires-sur-Marne,Q1,K1H,K1H_Athlete_20,93.38,0,OK,93.38,6.0
E05,2025-05-27,Vaires-sur-Marne,Q1,C1H,C1H_Athlete_01,88.14,2,OK,90.14,9.0
E05,2025-05-27,Vaires-sur-Marne,Q1,C1H,C1H_Athlete_02,86.52,0,OK,86.52,3.0
E05,2025-05-27,Vaires-sur-Marne,Q1,C1H,C1H_Athlete_03,84.53,0,OK,84.53,1.0
E05,2025-05-27,Vaires-sur-Marne,Q1,C1H,C1H_Athlete_04,89.78,6,OK,95.78,15.0
E05,2025-05-27,Vaires-sur-Marne,Q1,C1H,C1H_Athlete_05,90.47,2,OK,92.47,13.0
E05,2025-05-27,Vaires-sur-Marne,Q1,C1H,C1H_Athlete_06,88.93,8,OK,96.93,16.0
E05,2025-05-27,Vaires-sur-Marne,Q1,C1H,C1H_Athlete_07,89.66,0,OK,89.66,7.0
E05,2025-05-27,Vaires-sur-Marne,Q1,C1H,C1H_Athlete_08,91.42,0,OK,91.42,12.0
E05,2025-05-27,Vaires-sur-Marne,Q1,C1H,C1H_Athlete_09,90.09,0,OK,90.09,8.0
E05,2025-05-27,Vaires-sur-Marne,Q1,C1H,C1H_Athlete_10,89.27,0,OK,89.27,6.0
E05,2025-05-27,Vaires-sur-Marne,Q1,C1H,C1H_Athlete_11,88.79,0,OK,88.79,5.0
E05,2025-05-27,Vaires-sur-Marne,Q1,C1H,C1H_Athlete_12,90.62,0,OK,90.62,10.0
E05,2025-05-27,Vaires-sur-Marne,Q1,C1H,C1H_Athlete_13,90.7,0,OK,90.7,11.0
E05,2025-05-27,Vaires-sur-Marne,Q1,C1H,C1H_Athlete_14,89.29,6,OK,95.29,14.0
E05,2025-05-27,Vaires-sur-Marne,Q1,C1H,C1H_Athlete_15,87.1,0,OK,87.1,4.0
E05,2025-05-27,Vaires-sur-Marne,Q1,C1H,C1H_Athlete_16,86.22,0,OK,86.22,2.0
E05,2025-05-27,Vaires-sur-Marne,Q1,K1F,K1F_Athlete_01,97.42,2,OK,99.42,4.0
E05,2025-05-27,Vaires-sur-Marne,Q1,K1F,K1F_Athlete_02,98.49,2,OK,100.49,7.0
E05,2025-05-27,Vaires-sur-Marne,Q1,K1F,K1F_Athlete_03,95.64,2,OK,97.64,1.0
E05,2025-05-27,Vaires-sur-Marne,Q1,K1F,K1F_Athlete_04,100.91,0,OK,100.91,10.0
E05,2025-05-27,Vaires-sur-Marne,Q1,K1F,K1F_Athlete_05,98.63,2,OK,100.63,9.0
E05,2025-05-27,Vaires-sur-Marne,Q1,K1F,K1F_Athlete_06,100.54,0,OK,100.54,8.0
E05,2025-05-27,Vaires-sur-Marne,Q1,K1F,K1F_Athlete_07,100.31,0,OK,100.31,6.0
E05,2025-05-27,Vaires-sur-Marne,Q1,K1F,K1F_Athlete_08,99.22,0,OK,99.22,3.0
E05,2025-05-27,Vaires-sur-Marne,Q1,K1F,K1F_Athlete_09,100.46,4,OK,104.46,14.0
E05,2025-05-27,Vaires-sur-Marne,Q1,K1F,K1F_Athlete_10,99.9,2,OK,101.9,11.0
E05,2025-05-27,Vaires-sur-Marne,Q1,K1F,K1F_Athlete_11,99.77,0,OK,99.77,5.0
E05,2025-05-27,Vaires-sur-Marne,Q1,K1F,K1F_Athlete_12,101.32,2,OK,103.32,13.0
E05,2025-05-27,Vaires-sur-Marne,Q1,K1F,K1F_Athlete_13,97.68,0,OK,97.68,2.0
E05,2025-05-27,Vaires-sur-Marne,Q1,K1F,K1F_Athlete_14,100.44,2,OK,102.44,12.0
E05,2025-05-27,Vaires-sur-Marne,Q1,C1F,C1F_Athlete_01,96.35,4,OK,100.35,11.0
E05,2025-05-27,Vaires-sur-Marne,Q1,C1F,C1F_Athlete_02,94.47,0,OK,94.47,1.0
E05,2025-05-27,Vaires-sur-Marne,Q1,C1F,C1F_Athlete_03,94.49,2,OK,96.49,3.0
E05,2025-05-27,Vaires-sur-Marne,Q1,C1F,C1F_Athlete_04,95.14,0,OK,95.14,2.0
E05,2025-05-27,Vaires-sur-Marne,Q1,C1F,C1F_Athlete_05,95.05,2,OK,97.05,7.0
E05,2025-05-27,Vaires-sur-Marne,Q1,C1F,C1F_Athlete_06,96.71,0,OK,96.71,5.0
E05,2025-05-27,Vaires-sur-Marne,Q1,C1F,C1F_Athlete_07,96.95,0,OK,96.95,6.0
E05,2025-05-27,Vaires-sur-Marne,Q1,C1F,C1F_Athlete_08,96.47,2,OK,98.47,10.0
E05,2025-05-27,Vaires-sur-Marne,Q1,C1F,C1F_Athlete_09,96.55,6,OK,102.55,12.0
E05,2025-05-27,Vaires-sur-Marne,Q1,C1F,C1F_Athlete_10,96.2,2,OK,98.2,9.0
E05,2025-05-27,Vaires-sur-Marne,Q1,C1F,C1F_Athlete_11,96.7,0,OK,96.7,4.0
E05,2025-05-27,Vaires-sur-Marne,Q1,C1F,C1F_Athlete_12,97.4,0,OK,97.4,8.0
E05,2025-05-27,Vaires-sur-Marne,Q2,K1H,K1H_Athlete_01,91.14,0,OK,91.14,2.0
E05,2025-05-27,Vaires-sur-Marne,Q2,K1H,K1H_Athlete_02,89.75,0,OK,89.75,1.0
E05,2025-05-27,Vaires-sur-Marne,Q2,K1H,K1H_Athlete_03,91.73,0,OK,91.73,3.0
E05,2025-05-27,Vaires-sur-Marne,Q2,K1H,K1H_Athlete_04,96.14,0,OK,96.14,16.0
E05,2025-05-27,Vaires-sur-Marne,Q2,K1H,K1H_Athlete_05,91.78,0,OK,91.78,4.0
E05,2025-05-27,Vaires-sur-Marne,Q2,K1H,K1H_Athlete_06,92.05,0,OK,92.05,6.0
E05,2025-05-27,Vaires-sur-Marne,Q2,K1H,K1H_Athlete_07,93.48,0,OK,93.48,9.0
E05,2025-05-27,Vaires-sur-Marne,Q2,K1H,K1H_Athlete_08,92.92,0,OK,92.92,7.0
E05,2025-05-27,Vaires-sur-Marne,Q2,K1H,K1H_Athlete_09,94.0,6,OK,100.0,19.0
E05,2025-05-27,Vaires-sur-Marne,Q2,K1H,K1H_Athlete_10,93.14,0,OK,93.14,8.0
E05,2025-05-27,Vaires-sur-Marne,Q2,K1H,K1H_Athlete_11,94.05,0,OK,94.05,12.0
E05,2025-05-27,Vaires-sur-Marne,Q2,K1H,K1H_Athlete_12,94.77,0,DSQ,,
E05,2025-05-27,Vaires-sur-Marne,Q2,K1H,K1H_Athlete_13,91.98,0,OK,91.98,5.0
E05,2025-05-27,Vaires-sur-Marne,Q2,K1H,K1H_Athlete_14,95.38,0,OK,95.38,14.0
E05,2025-05-27,Vaires-sur-Marne,Q2,K1H,K1H_Athlete_15,95.02,2,OK,97.02,17.0
E05,2025-05-27,Vaires-sur-Marne,Q2,K1H,K1H_Athlete_16,92.36,6,OK,98.36,18.0
E05,2025-05-27,Vaires-sur-Marne,Q2,K1H,K1H_Athlete_17,95.84,0,OK,95.84,15.0
E05,2025-05-27,Vaires-sur-Marne,Q2,K1H,K1H_Athlete_18,91.69,2,OK,93.69,11.0
E05,2025-05-27,Vaires-sur-Marne,Q2,K1H,K1H_Athlete_19,95.06,0,OK,95.06,13.0
E05,2025-05-27,Vaires-sur-Marne,Q2,K1H,K1H_Athlete_20,93.63,0,OK,93.63,10.0
E05,2025-05-27,Vaires-sur-Marne,Q2,C1H,C1H_Athlete_01,86.61,0,OK,86.61,1.0
E05,2025-05-27,Vaires-sur-Marne,Q2,C1H,C1H_Athlete_02,85.07,6,OK,91.07,9.0
E05,2025-05-27,Vaires-sur-Marne,Q2,C1H,C1H_Athlete_03,88.08,6,OK,94.08,16.0
E05,2025-05-27,Vaires-sur-Marne,Q2,C1H,C1H_Athlete_04,90.57,0,OK,90.57,7.0
E05,2025-05-27,Vaires-sur-Marne,Q2,C1H,C1H_Athlete_05,89.67,2,OK,91.67,12.0
E05,2025-05-27,Vaires-sur-Marne,Q2,C1H,C1H_Athlete_06,89.46,0,OK,89.46,5.0
E05,2025-05-27,Vaires-sur-Marne,Q2,C1H,C1H_Athlete_07,90.8,2,OK,92.8,14.0
E05,2025-05-27,Vaires-sur-Marne,Q2,C1H,C1H_Athlete_08,91.56,0,OK,91.56,11.0
E05,2025-05-27,Vaires-sur-Marne,Q2,C1H,C1H_Athlete_09,89.77,0,OK,89.77,6.0
E05,2025-05-27,Vaires-sur-Marne,Q2,C1H,C1H_Athlete_10,89.08,2,OK,91.08,10.0
E05,2025-05-27,Vaires-sur-Marne,Q2,C1H,C1H_Athlete_11,88.42,0,OK,88.42,3.0
E05,2025-05-27,Vaires-sur-Marne,Q2,C1H,C1H_Athlete_12,90.19,2,OK,92.19,13.0
E05,2025-05-27,Vaires-sur-Marne,Q2,C1H,C1H_Athlete_13,90.57,0,OK,90.57,7.0
E05,2025-05-27,Vaires-sur-Marne,Q2,C1H,C1H_Athlete_14,90.05,4,OK,94.05,15.0
E05,2025-05-27,Vaires-sur-Marne,Q2,C1H,C1H_Athlete_15,87.39,2,OK,89.39,4.0
E05,2025-05-27,Vaires-sur-Marne,Q2,C1H,C1H_Athlete_16,86.73,0,OK,86.73,2.0
E05,2025-05-27,Vaires-sur-Marne,Q2,K1F,K1F_Athlete_01,98.46,4,OK,102.46,9.0
E05,2025-05-27,Vaires-sur-Marne,Q2,K1F,K1F_Athlete_02,99.1,0,OK,99.1,1.0
E05,2025-05-27,Vaires-sur-Marne,Q2,K1F,K1F_Athlete_03,98.73,4,OK,102.73,11.0
E05,2025-05-27,Vaires-sur-Marne,Q2,K1F,K1F_Athlete_04,100.44,2,OK,102.44,8.0
E05,2025-05-27,Vaires-sur-Marne,Q2,K1F,K1F_Athlete_05,100.06,2,OK,102.06,7.0
E05,2025-05-27,Vaires-sur-Marne,Q2,K1F,K1F_Athlete_06,100.6,2,OK,102.6,10.0
E05,2025-05-27,Vaires-sur-Marne,Q2,K1F,K1F_Athlete_07,100.37,4,OK,104.37,13.0
E05,2025-05-27,Vaires-sur-Marne,Q2,K1F,K1F_Athlete_08,99.4,10,OK,109.4,14.0
E05,2025-05-27,Vaires-sur-Marne,Q2,K1F,K1F_Athlete_09,102.0,0,OK,102.0,5.0
E05,2025-05-27,Vaires-sur-Marne,Q2,K1F,K1F_Athlete_10,101.3,2,OK,103.3,12.0
E05,2025-05-27,Vaires-sur-Marne,Q2,K1F,K1F_Athlete_11,99.46,2,OK,101.46,3.0
E05,2025-05-27,Vaires-sur-Marne,Q2,K1F,K1F_Athlete_12,101.67,0,OK,101.67,4.0
E05,2025-05-27,Vaires-sur-Marne,Q2,K1F,K1F_Athlete_13,98.0,4,OK,102.0,5.0
E05,2025-05-27,Vaires-sur-Marne,Q2,K1F,K1F_Athlete_14,99.86,0,OK,99.86,2.0
E05,2025-05-27,Vaires-sur-Marne,Q2,C1F,C1F_Athlete_01,95.82,2,OK,97.82,7.0
E05,2025-05-27,Vaires-sur-Marne,Q2,C1F,C1F_Athlete_02,92.48,0,OK,92.48,1.0
E05,2025-05-27,Vaires-sur-Marne,Q2,C1F,C1F_Athlete_03,94.19,2,OK,96.19,3.0
E05,2025-05-27,Vaires-sur-Marne,Q2,C1F,C1F_Athlete_04,93.6,0,OK,93.6,2.0
E05,2025-05-27,Vaires-sur-Marne,Q2,C1F,C1F_Athlete_05,95.96,2,OK,97.96,8.0
E05,2025-05-27,Vaires-sur-Marne,Q2,C1F,C1F_Athlete_06,97.45,0,OK,97.45,6.0
E05,2025-05-27,Vaires-sur-Marne,Q2,C1F,C1F_Athlete_07,96.47,0,OK,96.47,4.0
E05,2025-05-27,Vaires-sur-Marne,Q2,C1F,C1F_Athlete_08,98.82,6,OK,104.82,11.0
E05,2025-05-27,Vaires-sur-Marne,Q2,C1F,C1F_Athlete_09,96.82,0,OK,96.82,5.0
E05,2025-05-27,Vaires-sur-Marne,Q2,C1F,C1F_Athlete_10,95.33,4,OK,99.33,9.0
E05,2025-05-27,Vaires-sur-Marne,Q2,C1F,C1F_Athlete_11,97.19,8,OK,105.19,12.0
E05,2025-05-27,Vaires-sur-Marne,Q2,C1F,C1F_Athlete_12,97.71,4,OK,101.71,10.0
E05,2025-05-27,Vaires-sur-Marne,Final,K1H,K1H_Athlete_01,92.31,0,OK,92.31,7.0
E05,2025-05-27,Vaires-sur-Marne,Final,K1H,K1H_Athlete_02,89.04,4,OK,93.04,13.0
E05,2025-05-27,Vaires-sur-Marne,Final,K1H,K1H_Athlete_03,91.46,0,OK,91.46,4.0
E05,2025-05-27,Vaires-sur-Marne,Final,K1H,K1H_Athlete_04,96.16,0,OK,96.16,18.0
E05,2025-05-27,Vaires-sur-Marne,Final,K1H,K1H_Athlete_05,89.3,2,OK,91.3,3.0
E05,2025-05-27,Vaires-sur-Marne,Final,K1H,K1H_Athlete_06,89.39,0,OK,89.39,1.0
E05,2025-05-27,Vaires-sur-Marne,Final,K1H,K1H_Athlete_07,94.11,0,OK,94.11,16.0
E05,2025-05-27,Vaires-sur-Marne,Final,K1H,K1H_Athlete_08,91.63,0,OK,91.63,5.0
E05,2025-05-27,Vaires-sur-Marne,Final,K1H,K1H_Athlete_09,92.75,0,OK,92.75,10.0
E05,2025-05-27,Vaires-sur-Marne,Final,K1H,K1H_Athlete_10,91.15,0,OK,91.15,2.0
E05,2025-05-27,Vaires-sur-Marne,Final,K1H,K1H_Athlete_11,94.17,2,OK,96.17,19.0
E05,2025-05-27,Vaires-sur-Marne,Final,K1H,K1H_Athlete_12,92.94,2,OK,94.94,17.0
E05,2025-05-27,Vaires-sur-Marne,Final,K1H,K1H_Athlete_13,92.71,0,OK,92.71,9.0
E05,2025-05-27,Vaires-sur-Marne,Final,K1H,K1H_Athlete_14,94.66,4,OK,98.66,20.0
E05,2025-05-27,Vaires-sur-Marne,Final,K1H,K1H_Athlete_15,92.49,0,OK,92.49,8.0
E05,2025-05-27,Vaires-sur-Marne,Final,K1H,K1H_Athlete_16,91.04,2,OK,93.04,13.0
E05,2025-05-27,Vaires-sur-Marne,Final,K1H,K1H_Athlete_17,92.95,0,OK,92.95,12.0
E05,2025-05-27,Vaires-sur-Marne,Final,K1H,K1H_Athlete_18,90.26,2,OK,92.26,6.0
E05,2025-05-27,Vaires-sur-Marne,Final,K1H,K1H_Athlete_19,93.55,0,OK,93.55,15.0
E05,2025-05-27,Vaires-sur-Marne,Final,K1H,K1H_Athlete_20,92.83,0,OK,92.83,11.0
E05,2025-05-27,Vaires-sur-Marne,Final,C1H,C1H_Athlete_01,86.27,0,DSQ,,
E05,2025-05-27,Vaires-sur-Marne,Final,C1H,C1H_Athlete_02,83.22,2,OK,85.22,1.0
E05,2025-05-27,Vaires-sur-Marne,Final,C1H,C1H_Athlete_03,85.76,2,OK,87.76,3.0
E05,2025-05-27,Vaires-sur-Marne,Final,C1H,C1H_Athlete_04,88.96,0,OK,88.96,4.0
E05,2025-05-27,Vaires-sur-Marne,Final,C1H,C1H_Athlete_05,88.8,6,OK,94.8,14.0
E05,2025-05-27,Vaires-sur-Marne,Final,C1H,C1H_Athlete_06,89.54,0,OK,89.54,6.0
E05,2025-05-27,Vaires-sur-Marne,Final,C1H,C1H_Athlete_07,88.86,4,OK,92.86,13.0
E05,2025-05-27,Vaires-sur-Marne,Final,C1H,C1H_Athlete_08,90.13,0,OK,90.13,8.0
E05,2025-05-27,Vaires-sur-Marne,Final,C1H,C1H_Athlete_09,87.71,2,OK,89.71,7.0
E05,2025-05-27,Vaires-sur-Marne,Final,C1H,C1H_Athlete_10,87.76,8,OK,95.76,15.0
E05,2025-05-27,Vaires-sur-Marne,Final,C1H,C1H_Athlete_11,87.41,4,OK,91.41,11.0
E05,2025-05-27,Vaires-sur-Marne,Final,C1H,C1H_Athlete_12,89.32,2,OK,91.32,10.0
E05,2025-05-27,Vaires-sur-Marne,Final,C1H,C1H_Athlete_13,90.77,2,OK,92.77,12.0
E05,2025-05-27,Vaires-sur-Marne,Final,C1H,C1H_Athlete_14,87.24,0,OK,87.24,2.0
E05,2025-05-27,Vaires-sur-Marne,Final,C1H,C1H_Athlete_15,87.44,2,OK,89.44,5.0
E05,2025-05-27,Vaires-sur-Marne,Final,C1H,C1H_Athlete_16,88.46,2,OK,90.46,9.0
E05,2025-05-27,Vaires-sur-Marne,Final,K1F,K1F_Athlete_01,95.52,0,OK,95.52,2.0
E05,2025-05-27,Vaires-sur-Marne,Final,K1F,K1F_Athlete_02,98.5,0,OK,98.5,6.0
E05,2025-05-27,Vaires-sur-Marne,Final,K1F,K1F_Athlete_03,95.33,0,OK,95.33,1.0
E05,2025-05-27,Vaires-sur-Marne,Final,K1F,K1F_Athlete_04,99.85,2,OK,101.85,11.0
E05,2025-05-27,Vaires-sur-Marne,Final,K1F,K1F_Athlete_05,99.42,2,OK,101.42,10.0
E05,2025-05-27,Vaires-sur-Marne,Final,K1F,K1F_Athlete_06,99.93,2,OK,101.93,12.0
E05,2025-05-27,Vaires-sur-Marne,Final,K1F,K1F_Athlete_07,100.89,2,OK,102.89,14.0
E05,2025-05-27,Vaires-sur-Marne,Final,K1F,K1F_Athlete_08,98.64,0,OK,98.64,8.0
E05,2025-05-27,Vaires-sur-Marne,Final,K1F,K1F_Athlete_09,98.4,0,OK,98.4,5.0
E05,2025-05-27,Vaires-sur-Marne,Final,K1F,K1F_Athlete_10,98.58,0,OK,98.58,7.0
E05,2025-05-27,Vaires-sur-Marne,Final,K1F,K1F_Athlete_11,100.15,2,OK,102.15,13.0
E05,2025-05-27,Vaires-sur-Marne,Final,K1F,K1F_Athlete_12,99.31,0,OK,99.31,9.0
E05,2025-05-27,Vaires-sur-Marne,Final,K1F,K1F_Athlete_13,96.45,0,OK,96.45,3.0
E05,2025-05-27,Vaires-sur-Marne,Final,K1F,K1F_Athlete_14,96.92,0,OK,96.92,4.0
E05,2025-05-27,Vaires-sur-Marne,Final,C1F,C1F_Athlete_01,96.01,0,OK,96.01,8.0
E05,2025-05-27,Vaires-sur-Marne,Final,C1F,C1F_Athlete_02,92.37,0,OK,92.37,1.0
E05,2025-05-27,Vaires-sur-Marne,Final,C1F,C1F_Athlete_03,94.66,0,OK,94.66,5.0
E05,2025-05-27,Vaires-sur-Marne,Final,C1F,C1F_Athlete_04,93.77,0,OK,93.77,2.0
E05,2025-05-27,Vaires-sur-Marne,Final,C1F,C1F_Athlete_05,94.42,0,OK,94.42,4.0
E05,2025-05-27,Vaires-sur-Marne,Final,C1F,C1F_Athlete_06,95.42,0,OK,95.42,7.0
E05,2025-05-27,Vaires-sur-Marne,Final,C1F,C1F_Athlete_07,97.07,0,OK,97.07,9.0
E05,2025-05-27,Vaires-sur-Marne,Final,C1F,C1F_Athlete_08,97.15,0,OK,97.15,10.0
E05,2025-05-27,Vaires-sur-Marne,Final,C1F,C1F_Athlete_09,95.59,0,DNF,,
E05,2025-05-27,Vaires-sur-Marne,Final,C1F,C1F_Athlete_10,94.22,0,OK,94.22,3.0
E05,2025-05-27,Vaires-sur-Marne,Final,C1F,C1F_Athlete_11,94.94,0,OK,94.94,6.0
E05,2025-05-27,Vaires-sur-Marne,Final,C1F,C1F_Athlete_12,98.11,0,DSQ,,
E06,2025-06-10,Cesson-Sévigné,Q1,K1H,K1H_Athlete_01,101.45,0,OK,101.45,4.0
E06,2025-06-10,Cesson-Sévigné,Q1,K1H,K1H_Athlete_02,100.12,4,OK,104.12,10.0
E06,2025-06-10,Cesson-Sévigné,Q1,K1H,K1H_Athlete_03,100.03,0,OK,100.03,1.0
E06,2025-06-10,Cesson-Sévigné,Q1,K1H,K1H_Athlete_04,104.19,2,OK,106.19,17.0
E06,2025-06-10,Cesson-Sévigné,Q1,K1H,K1H_Athlete_05,99.89,50,DSQ,,
E06,2025-06-10,Cesson-Sévigné,Q1,K1H,K1H_Athlete_06,101.33,0,OK,101.33,3.0
E06,2025-06-10,Cesson-Sévigné,Q1,K1H,K1H_Athlete_07,102.9,0,OK,102.9,7.0
E06,2025-06-10,Cesson-Sévigné,Q1,K1H,K1H_Athlete_08,103.19,2,OK,105.19,13.0
E06,2025-06-10,Cesson-Sévigné,Q1,K1H,K1H_Athlete_09,102.57,0,OK,102.57,6.0
E06,2025-06-10,Cesson-Sévigné,Q1,K1H,K1H_Athlete_10,101.26,2,OK,103.26,8.0
E06,2025-06-10,Cesson-Sévigné,Q1,K1H,K1H_Athlete_11,104.65,2,OK,106.65,19.0
E06,2025-06-10,Cesson-Sévigné,Q1,K1H,K1H_Athlete_12,104.06,2,OK,106.06,16.0
E06,2025-06-10,Cesson-Sévigné,Q1,K1H,K1H_Athlete_13,103.27,0,OK,103.27,9.0
E06,2025-06-10,Cesson-Sévigné,Q1,K1H,K1H_Athlete_14,103.39,2,OK,105.39,14.0
E06,2025-06-10,Cesson-Sévigné,Q1,K1H,K1H_Athlete_15,102.19,2,OK,104.19,11.0
E06,2025-06-10,Cesson-Sévigné,Q1,K1H,K1H_Athlete_16,100.89,0,OK,100.89,2.0
E06,2025-06-10,Cesson-Sévigné,Q1,K1H,K1H_Athlete_17,102.44,2,OK,104.44,12.0
E06,2025-06-10,Cesson-Sévigné,Q1,K1H,K1H_Athlete_18,101.98,4,OK,105.98,15.0
E06,2025-06-10,Cesson-Sévigné,Q1,K1H,K1H_Athlete_19,104.54,2,OK,106.54,18.0
E06,2025-06-10,Cesson-Sévigné,Q1,K1H,K1H_Athlete_20,102.32,0,OK,102.32,5.0
E06,2025-06-10,Cesson-Sévigné,Q1,C1H,C1H_Athlete_01,95.56,0,OK,95.56,2.0
E06,2025-06-10,Cesson-Sévigné,Q1,C1H,C1H_Athlete_02,94.98,2,OK,96.98,5.0
E06,2025-06-10,Cesson-Sévigné,Q1,C1H,C1H_Athlete_03,94.16,2,OK,96.16,3.0
E06,2025-06-10,Cesson-Sévigné,Q1,C1H,C1H_Athlete_04,97.74,2,OK,99.74,13.0
E06,2025-06-10,Cesson-Sévigné,Q1,C1H,C1H_Athlete_05,97.03,2,OK,99.03,9.0
E06,2025-06-10,Cesson-Sévigné,Q1,C1H,C1H_Athlete_06,99.06,4,OK,103.06,15.0
E06,2025-06-10,Cesson-Sévigné,Q1,C1H,C1H_Athlete_07,98.27,2,OK,100.27,14.0
E06,2025-06-10,Cesson-Sévigné,Q1,C1H,C1H_Athlete_08,99.65,0,OK,99.65,12.0
E06,2025-06-10,Cesson-Sévigné,Q1,C1H,C1H_Athlete_09,97.84,0,DNF,,
E06,2025-06-10,Cesson-Sévigné,Q1,C1H,C1H_Athlete_10,96.47,2,OK,98.47,7.0
E06,2025-06-10,Cesson-Sévigné,Q1,C1H,C1H_Athlete_11,95.32,0,OK,95.32,1.0
E06,2025-06-10,Cesson-Sévigné,Q1,C1H,C1H_Athlete_12,99.36,0,OK,99.36,10.0
E06,2025-06-10,Cesson-Sévigné,Q1,C1H,C1H_Athlete_13,98.63,0,OK,98.63,8.0
E06,2025-06-10,Cesson-Sévigné,Q1,C1H,C1H_Athlete_14,97.12,0,OK,97.12,6.0
E06,2025-06-10,Cesson-Sévigné,Q1,C1H,C1H_Athlete_15,96.59,0,OK,96.59,4.0
E06,2025-06-10,Cesson-Sévigné,Q1,C1H,C1H_Athlete_16,97.6,2,OK,99.6,11.0
E06,2025-06-10,Cesson-Sévigné,Q1,K1F,K1F_Athlete_01,105.12,2,OK,107.12,1.0
E06,2025-06-10,Cesson-Sévigné,Q1,K1F,K1F_Athlete_02,109.39,0,OK,109.39,5.0
E06,2025-06-10,Cesson-Sévigné,Q1,K1F,K1F_Athlete_03,107.93,2,OK,109.93,8.0
E06,2025-06-10,Cesson-Sévigné,Q1,K1F,K1F_Athlete_04,109.68,0,OK,109.68,7.0
E06,2025-06-10,Cesson-Sévigné,Q1,K1F,K1F_Athlete_05,109.25,0,OK,109.25,4.0
E06,2025-06-10,Cesson-Sévigné,Q1,K1F,K1F_Athlete_06,109.52,0,OK,109.52,6.0
E06,2025-06-10,Cesson-Sévigné,Q1,K1F,K1F_Athlete_07,110.7,4,OK,114.7,12.0
E06,2025-06-10,Cesson-Sévigné,Q1,K1F,K1F_Athlete_08,111.09,2,OK,113.09,11.0
E06,2025-06-10,Cesson-Sévigné,Q1,K1F,K1F_Athlete_09,110.62,0,OK,110.62,9.0
E06,2025-06-10,Cesson-Sévigné,Q1,K1F,K1F_Athlete_10,110.1,2,OK,112.1,10.0
E06,2025-06-10,Cesson-Sévigné,Q1,K1F,K1F_Athlete_11,110.79,0,DNF,,
E06,2025-06-10,Cesson-Sévigné,Q1,K1F,K1F_Athlete_12,109.13,0,OK,109.13,3.0
E06,2025-06-10,Cesson-Sévigné,Q1,K1F,K1F_Athlete_13,108.14,0,OK,108.14,2.0
E06,2025-06-10,Cesson-Sévigné,Q1,K1F,K1F_Athlete_14,108.68,8,OK,116.68,13.0
E06,2025-06-10,Cesson-Sévigné,Q1,C1F,C1F_Athlete_01,107.48,0,OK,107.48,7.0
E06,2025-06-10,Cesson-Sévigné,Q1,C1F,C1F_Athlete_02,101.8,4,OK,105.8,4.0
E06,2025-06-10,Cesson-Sévigné,Q1,C1F,C1F_Athlete_03,106.3,0,OK,106.3,5.0
E06,2025-06-10,Cesson-Sévigné,Q1,C1F,C1F_Athlete_04,103.09,0,OK,103.09,1.0
E06,2025-06-10,Cesson-Sévigné,Q1,C1F,C1F_Athlete_05,105.25,0,OK,105.25,3.0
E06,2025-06-10,Cesson-Sévigné,Q1,C1F,C1F_Athlete_06,104.47,0,OK,104.47,2.0
E06,2025-06-10,Cesson-Sévigné,Q1,C1F,C1F_Athlete_07,105.81,2,OK,107.81,8.0
E06,2025-06-10,Cesson-Sévigné,Q1,C1F,C1F_Athlete_08,106.57,0,OK,106.57,6.0
E06,2025-06-10,Cesson-Sévigné,Q1,C1F,C1F_Athlete_09,107.91,0,OK,107.91,9.0
E06,2025-06-10,Cesson-Sévigné,Q1,C1F,C1F_Athlete_10,105.2,6,OK,111.2,12.0
E06,2025-06-10,Cesson-Sévigné,Q1,C1F,C1F_Athlete_11,106.1,2,OK,108.1,10.0
E06,2025-06-10,Cesson-Sévigné,Q1,C1F,C1F_Athlete_12,107.14,2,OK,109.14,11.0
E06,2025-06-10,Cesson-Sévigné,Q2,K1H,K1H_Athlete_01,100.06,6,OK,106.06,18.0
E06,2025-06-10,Cesson-Sévigné,Q2,K1H,K1H_Athlete_02,98.67,0,OK,98.67,1.0
E06,2025-06-10,Cesson-Sévigné,Q2,K1H,K1H_Athlete_03,101.88,0,OK,101.88,8.0
E06,2025-06-10,Cesson-Sévigné,Q2,K1H,K1H_Athlete_04,104.09,2,OK,106.09,19.0
E06,2025-06-10,Cesson-Sévigné,Q2,K1H,K1H_Athlete_05,98.15,2,OK,100.15,3.0
E06,2025-06-10,Cesson-Sévigné,Q2,K1H,K1H_Athlete_06,99.73,0,OK,99.73,2.0
E06,2025-06-10,Cesson-Sévigné,Q2,K1H,K1H_Athlete_07,104.04,2,OK,106.04,17.0
E06,2025-06-10,Cesson-Sévigné,Q2,K1H,K1H_Athlete_08,102.47,0,OK,102.47,9.0
E06,2025-06-10,Cesson-Sévigné,Q2,K1H,K1H_Athlete_09,101.82,2,OK,103.82,13.0
E06,2025-06-10,Cesson-Sévigné,Q2,K1H,K1H_Athlete_10,101.26,0,OK,101.26,5.0
E06,2025-06-10,Cesson-Sévigné,Q2,K1H,K1H_Athlete_11,103.68,0,OK,103.68,12.0
E06,2025-06-10,Cesson-Sévigné,Q2,K1H,K1H_Athlete_12,104.2,0,OK,104.2,15.0
E06,2025-06-10,Cesson-Sévigné,Q2,K1H,K1H_Athlete_13,101.39,0,OK,101.39,7.0
E06,2025-06-10,Cesson-Sévigné,Q2,K1H,K1H_Athlete_14,103.23,0,DSQ,,
E06,2025-06-10,Cesson-Sévigné,Q2,K1H,K1H_Athlete_15,103.38,0,OK,103.38,10.0
E06,2025-06-10,Cesson-Sévigné,Q2,K1H,K1H_Athlete_16,101.32,0,OK,101.32,6.0
E06,2025-06-10,Cesson-Sévigné,Q2,K1H,K1H_Athlete_17,103.52,0,OK,103.52,11.0
E06,2025-06-10,Cesson-Sévigné,Q2,K1H,K1H_Athlete_18,100.17,0,OK,100.17,4.0
E06,2025-06-10,Cesson-Sévigné,Q2,K1H,K1H_Athlete_19,103.99,0,OK,103.99,14.0
E06,2025-06-10,Cesson-Sévigné,Q2,K1H,K1H_Athlete_20,103.44,2,OK,105.44,16.0
E06,2025-06-10,Cesson-Sévigné,Q2,C1H,C1H_Athlete_01,94.41,2,OK,96.41,3.0
E06,2025-06-10,Cesson-Sévigné,Q2,C1H,C1H_Athlete_02,95.06,0,OK,95.06,2.0
E06,2025-06-10,Cesson-Sévigné,Q2,C1H,C1H_Athlete_03,93.2,0,OK,93.2,1.0
E06,2025-06-10,Cesson-Sévigné,Q2,C1H,C1H_Athlete_04,97.2,0,OK,97.2,4.0
E06,2025-06-10,Cesson-Sévigné,Q2,C1H,C1H_Athlete_05,99.06,2,OK,101.06,11.0
E06,2025-06-10,Cesson-Sévigné,Q2,C1H,C1H_Athlete_06,97.76,8,OK,105.76,16.0
E06,2025-06-10,Cesson-Sévigné,Q2,C1H,C1H_Athlete_07,97.2,2,OK,99.2,10.0
E06,2025-06-10,Cesson-Sévigné,Q2,C1H,C1H_Athlete_08,100.63,2,OK,102.63,13.0
E06,2025-06-10,Cesson-Sévigné,Q2,C1H,C1H_Athlete_09,96.64,8,OK,104.64,15.0
E06,2025-06-10,Cesson-Sévigné,Q2,C1H,C1H_Athlete_10,96.55,2,OK,98.55,9.0
E06,2025-06-10,Cesson-Sévigné,Q2,C1H,C1H_Athlete_11,97.25,0,OK,97.25,5.0
E06,2025-06-10,Cesson-Sévigné,Q2,C1H,C1H_Athlete_12,97.4,4,OK,101.4,12.0
E06,2025-06-10,Cesson-Sévigné,Q2,C1H,C1H_Athlete_13,98.29,0,OK,98.29,8.0
E06,2025-06-10,Cesson-Sévigné,Q2,C1H,C1H_Athlete_14,97.63,0,OK,97.63,7.0
E06,2025-06-10,Cesson-Sévigné,Q2,C1H,C1H_Athlete_15,97.42,0,OK,97.42,6.0
E06,2025-06-10,Cesson-Sévigné,Q2,C1H,C1H_Athlete_16,97.68,6,OK,103.68,14.0
E06,2025-06-10,Cesson-Sévigné,Q2,K1F,K1F_Athlete_01,106.29,2,OK,108.29,1.0
E06,2025-06-10,Cesson-Sévigné,Q2,K1F,K1F_Athlete_02,108.13,2,OK,110.13,9.0
E06,2025-06-10,Cesson-Sévigné,Q2,K1F,K1F_Athlete_03,107.29,2,OK,109.29,4.0
E06,2025-06-10,Cesson-Sévigné,Q2,K1F,K1F_Athlete_04,109.62,0,OK,109.62,6.0
E06,2025-06-10,Cesson-Sévigné,Q2,K1F,K1F_Athlete_05,109.88,2,OK,111.88,14.0
E06,2025-06-10,Cesson-Sévigné,Q2,K1F,K1F_Athlete_06,108.99,0,OK,108.99,3.0
E06,2025-06-10,Cesson-Sévigné,Q2,K1F,K1F_Athlete_07,110.82,0,OK,110.82,11.0
E06,2025-06-10,Cesson-Sévigné,Q2,K1F,K1F_Athlete_08,110.25,0,OK,110.25,10.0
E06,2025-06-10,Cesson-Sévigné,Q2,K1F,K1F_Athlete_09,109.64,0,OK,109.64,7.0
E06,2025-06-10,Cesson-Sévigné,Q2,K1F,K1F_Athlete_10,109.49,0,OK,109.49,5.0
E06,2025-06-10,Cesson-Sévigné,Q2,K1F,K1F_Athlete_11,109.17,2,OK,111.17,12.0
E06,2025-06-10,Cesson-Sévigné,Q2,K1F,K1F_Athlete_12,109.7,2,OK,111.7,13.0
E06,2025-06-10,Cesson-Sévigné,Q2,K1F,K1F_Athlete_13,106.45,2,OK,108.45,2.0
E06,2025-06-10,Cesson-Sévigné,Q2,K1F,K1F_Athlete_14,110.08,0,OK,110.08,8.0
E06,2025-06-10,Cesson-Sévigné,Q2,C1F,C1F_Athlete_01,104.83,2,OK,106.83,8.0
E06,2025-06-10,Cesson-Sévigné,Q2,C1F,C1F_Athlete_02,102.19,0,OK,102.19,1.0
E06,2025-06-10,Cesson-Sévigné,Q2,C1F,C1F_Athlete_03,104.12,0,OK,104.12,3.0
E06,2025-06-10,Cesson-Sévigné,Q2,C1F,C1F_Athlete_04,102.71,0,OK,102.71,2.0
E06,2025-06-10,Cesson-Sévigné,Q2,C1F,C1F_Athlete_05,104.19,2,OK,106.19,7.0
E06,2025-06-10,Cesson-Sévigné,Q2,C1F,C1F_Athlete_06,104.59,0,OK,104.59,4.0
E06,2025-06-10,Cesson-Sévigné,Q2,C1F,C1F_Athlete_07,107.17,0,OK,107.17,9.0
E06,2025-06-10,Cesson-Sévigné,Q2,C1F,C1F_Athlete_08,107.0,2,OK,109.0,12.0
E06,2025-06-10,Cesson-Sévigné,Q2,C1F,C1F_Athlete_09,107.36,0,OK,107.36,10.0
E06,2025-06-10,Cesson-Sévigné,Q2,C1F,C1F_Athlete_10,105.03,0,OK,105.03,6.0
E06,2025-06-10,Cesson-Sévigné,Q2,C1F,C1F_Athlete_11,105.55,2,OK,107.55,11.0
E06,2025-06-10,Cesson-Sévigné,Q2,C1F,C1F_Athlete_12,104.98,0,OK,104.98,5.0
E06,2025-06-10,Cesson-Sévigné,Final,K1H,K1H_Athlete_01,99.03,6,OK,105.03,15.0
E06,2025-06-10,Cesson-Sévigné,Final,K1H,K1H_Athlete_02,99.26,2,OK,101.26,3.0
E06,2025-06-10,Cesson-Sévigné,Final,K1H,K1H_Athlete_03,99.63,0,OK,99.63,2.0
E06,2025-06-10,Cesson-Sévigné,Final,K1H,K1H_Athlete_04,103.71,0,OK,103.71,13.0
E06,2025-06-10,Cesson-Sévigné,Final,K1H,K1H_Athlete_05,99.35,0,OK,99.35,1.0
E06,2025-06-10,Cesson-Sévigné,Final,K1H,K1H_Athlete_06,99.5,6,OK,105.5,16.0
E06,2025-06-10,Cesson-Sévigné,Final,K1H,K1H_Athlete_07,102.1,0,OK,102.1,7.0
E06,2025-06-10,Cesson-Sévigné,Final,K1H,K1H_Athlete_08,101.37,0,OK,101.37,5.0
E06,2025-06-10,Cesson-Sévigné,Final,K1H,K1H_Athlete_09,102.39,52,OK,154.39,20.0
E06,2025-06-10,Cesson-Sévigné,Final,K1H,K1H_Athlete_10,99.9,2,OK,101.9,6.0
E06,2025-06-10,Cesson-Sévigné,Final,K1H,K1H_Athlete_11,102.68,0,OK,102.68,11.0
E06,2025-06-10,Cesson-Sévigné,Final,K1H,K1H_Athlete_12,102.45,0,OK,102.45,10.0
E06,2025-06-10,Cesson-Sévigné,Final,K1H,K1H_Athlete_13,102.22,0,OK,102.22,8.0
E06,2025-06-10,Cesson-Sévigné,Final,K1H,K1H_Athlete_14,102.04,2,OK,104.04,14.0
E06,2025-06-10,Cesson-Sévigné,Final,K1H,K1H_Athlete_15,103.02,0,OK,103.02,12.0
E06,2025-06-10,Cesson-Sévigné,Final,K1H,K1H_Athlete_16,100.8,6,OK,106.8,19.0
E06,2025-06-10,Cesson-Sévigné,Final,K1H,K1H_Athlete_17,100.79,6,OK,106.79,18.0
E06,2025-06-10,Cesson-Sévigné,Final,K1H,K1H_Athlete_18,101.34,0,OK,101.34,4.0
E06,2025-06-10,Cesson-Sévigné,Final,K1H,K1H_Athlete_19,104.65,2,OK,106.65,17.0
E06,2025-06-10,Cesson-Sévigné,Final,K1H,K1H_Athlete_20,102.33,0,OK,102.33,9.0
E06,2025-06-10,Cesson-Sévigné,Final,C1H,C1H_Athlete_01,93.42,0,OK,93.42,1.0
E06,2025-06-10,Cesson-Sévigné,Final,C1H,C1H_Athlete_02,93.79,0,OK,93.79,2.0
E06,2025-06-10,Cesson-Sévigné,Final,C1H,C1H_Athlete_03,93.88,0,OK,93.88,3.0
E06,2025-06-10,Cesson-Sévigné,Final,C1H,C1H_Athlete_04,96.37,0,OK,96.37,9.0
E06,2025-06-10,Cesson-Sévigné,Final,C1H,C1H_Athlete_05,97.44,0,OK,97.44,12.0
E06,2025-06-10,Cesson-Sévigné,Final,C1H,C1H_Athlete_06,98.65,2,OK,100.65,14.0
E06,2025-06-10,Cesson-Sévigné,Final,C1H,C1H_Athlete_07,96.78,0,OK,96.78,10.0
E06,2025-06-10,Cesson-Sévigné,Final,C1H,C1H_Athlete_08,99.8,2,OK,101.8,16.0
E06,2025-06-10,Cesson-Sévigné,Final,C1H,C1H_Athlete_09,93.66,2,OK,95.66,6.0
E06,2025-06-10,Cesson-Sévigné,Final,C1H,C1H_Athlete_10,95.96,0,OK,95.96,7.0
E06,2025-06-10,Cesson-Sévigné,Final,C1H,C1H_Athlete_11,95.32,0,OK,95.32,4.0
E06,2025-06-10,Cesson-Sévigné,Final,C1H,C1H_Athlete_12,96.73,2,OK,98.73,13.0
E06,2025-06-10,Cesson-Sévigné,Final,C1H,C1H_Athlete_13,99.11,2,OK,101.11,15.0
E06,2025-06-10,Cesson-Sévigné,Final,C1H,C1H_Athlete_14,96.22,0,OK,96.22,8.0
E06,2025-06-10,Cesson-Sévigné,Final,C1H,C1H_Athlete_15,95.41,0,OK,95.41,5.0
E06,2025-06-10,Cesson-Sévigné,Final,C1H,C1H_Athlete_16,95.25,2,OK,97.25,11.0
E06,2025-06-10,Cesson-Sévigné,Final,K1F,K1F_Athlete_01,105.14,0,OK,105.14,1.0
E06,2025-06-10,Cesson-Sévigné,Final,K1F,K1F_Athlete_02,107.45,2,OK,109.45,9.0
E06,2025-06-10,Cesson-Sévigné,Final,K1F,K1F_Athlete_03,104.79,2,OK,106.79,2.0
E06,2025-06-10,Cesson-Sévigné,Final,K1F,K1F_Athlete_04,108.17,0,OK,108.17,4.0
E06,2025-06-10,Cesson-Sévigné,Final,K1F,K1F_Athlete_05,107.96,4,OK,111.96,11.0
E06,2025-06-10,Cesson-Sévigné,Final,K1F,K1F_Athlete_06,109.13,0,OK,109.13,7.0
E06,2025-06-10,Cesson-Sévigné,Final,K1F,K1F_Athlete_07,109.24,4,OK,113.24,14.0
E06,2025-06-10,Cesson-Sévigné,Final,K1F,K1F_Athlete_08,108.68,4,OK,112.68,13.0
E06,2025-06-10,Cesson-Sévigné,Final,K1F,K1F_Athlete_09,110.13,2,OK,112.13,12.0
E06,2025-06-10,Cesson-Sévigné,Final,K1F,K1F_Athlete_10,109.13,0,OK,109.13,7.0
E06,2025-06-10,Cesson-Sévigné,Final,K1F,K1F_Athlete_11,108.49,0,OK,108.49,6.0
E06,2025-06-10,Cesson-Sévigné,Final,K1F,K1F_Athlete_12,108.48,0,OK,108.48,5.0
E06,2025-06-10,Cesson-Sévigné,Final,K1F,K1F_Athlete_13,107.39,0,OK,107.39,3.0
E06,2025-06-10,Cesson-Sévigné,Final,K1F,K1F_Athlete_14,108.55,2,OK,110.55,10.0
E06,2025-06-10,Cesson-Sévigné,Final,C1F,C1F_Athlete_01,104.84,0,OK,104.84,7.0
E06,2025-06-10,Cesson-Sévigné,Final,C1F,C1F_Athlete_02,100.0,2,OK,102.0,1.0
E06,2025-06-10,Cesson-Sévigné,Final,C1F,C1F_Athlete_03,103.91,0,OK,103.91,6.0
E06,2025-06-10,Cesson-Sévigné,Final,C1F,C1F_Athlete_04,102.59,0,OK,102.59,2.0
E06,2025-06-10,Cesson-Sévigné,Final,C1F,C1F_Athlete_05,104.71,0,DSQ,,
E06,2025-06-10,Cesson-Sévigné,Final,C1F,C1F_Athlete_06,103.88,0,OK,103.88,5.0
E06,2025-06-10,Cesson-Sévigné,Final,C1F,C1F_Athlete_07,104.85,4,OK,108.85,11.0
E06,2025-06-10,Cesson-Sévigné,Final,C1F,C1F_Athlete_08,102.89,0,OK,102.89,4.0
E06,2025-06-10,Cesson-Sévigné,Final,C1F,C1F_Athlete_09,104.87,2,OK,106.87,9.0
E06,2025-06-10,Cesson-Sévigné,Final,C1F,C1F_Athlete_10,103.47,2,OK,105.47,8.0
E06,2025-06-10,Cesson-Sévigné,Final,C1F,C1F_Athlete_11,102.88,0,OK,102.88,3.0
E06,2025-06-10,Cesson-Sévigné,Final,C1F,C1F_Athlete_12,105.66,2,OK,107.66,10.0
